Address, TLD, is_nx, min_delay, count
223.196.88.27,"ACCOUNTANT",0,-1,1
223.196.88.27,"",0,-1,1
222.246.129.94,"COM",0,-1,1
222.246.129.93,"DD9A09E0",1,-1,1
222.246.129.93,"COM808080808080808080808080",1,-1,1
222.246.129.93,"AIRDREAM",1,-1,1
222.222.222.249,"ZHMFERVPACXVJ",1,-1,1
222.222.202.165,"WORKGROUP",1,-1,1
222.217.39.113,"COM",0,21558,5
222.217.39.113,"ARPA",0,51513,3
222.212.24.23,"COM",0,-1,1
222.186.59.158,"NET",0,-1,1
222.173.115.38,"\240\234\015\001\008A\015\001",1,-1,1
222.162.131.231,"DHCP HOST",1,1056,3
222.82.221.214,"COM",0,462,2
222.80.192.212,"COM",0,-1,1
222.76.219.176,"LOCALDOMAIN",1,-1,1
222.76.215.76,"LOCALDOMAIN",1,-1,1
222.66.40.2,"LOCALDOMAIN",1,-1,1
221.232.151.115,"",0,-1,1
221.224.17.26,"NET",0,10435,2
221.224.17.26,"COM",0,43,3
221.202.165.218,"LAN",1,-1,1
221.192.21.10,"SSG-550M",1,-1,1
221.192.21.10,"JAVLABPSZEWUGL",1,-1,1
221.192.21.10,"HG232F",1,-1,1
221.192.21.10,"GCUHLUMPGVAP",1,-1,1
221.192.21.10,"CVMHBMLDGMHH",1,-1,1
221.11.60.14,"COM",0,-1,1
221.11.49.82,"DHCP HOST",1,-1,1
221.7.212.29,"\232\241\147",1,93,4
221.7.140.236,"COM",0,-1,1
221.4.133.26,"CN",0,-1,1
220.250.44.38,"DHCP HOST",1,-1,1
220.249.251.11,"DHCP HOST",1,-1,1
220.249.99.220,"QQYPGHACCONP",1,-1,1
220.249.99.220,"IKVVGKQ",1,-1,1
220.249.99.220,"FTLNCJS",1,-1,1
220.233.177.215,"",0,-1,1
220.191.225.142,"\2006W",1,10,2
220.189.123.37,"NET",0,-1,1
220.189.123.37,"COM",0,2901,7
220.189.123.37,"BBS",1,-1,1
220.189.123.36,"CN",0,-1,1
220.189.123.21,"DHCP HOST",1,2289,3
220.189.123.21,"COM",0,5,14
220.189.123.21,"CN",0,7033,2
220.189.120.196,"NET",0,-1,1
220.189.120.196,"COM",0,56,2
220.189.120.196,"CN",0,-1,1
220.188.114.23,"DHCP HOST",1,-1,1
220.188.114.23,"COM",0,224,5
220.188.114.23,"CN",0,-1,1
220.188.114.23,"0\039\174\001",1,-1,1
220.188.114.23,"",0,-1,1
220.188.114.18,"WORKGROUP",1,-1,1
220.188.114.18,"NET",0,-1,1
220.188.114.18,"DHCP HOST",1,4151,6
220.188.114.18,"COM",0,9581,7
220.188.114.18,"CN",0,124406,2
220.188.114.18,"0\039\174\001",1,-1,1
220.188.114.18,"",0,-1,1
220.188.114.3,"NET",0,105622,2
220.188.114.3,"MENG",1,-1,1
220.188.114.3,"LOCALDOMAIN",1,-1,1
220.188.114.3,"DOMAIN",1,-1,1
220.188.114.3,"DHCP HOST",1,129000,2
220.188.114.3,"COM",0,2994,3
220.188.114.3,"",0,211817,2
220.188.114.2,"TTMYXEHUCGLVR",1,-1,1
220.188.114.2,"NET",0,-1,1
220.188.114.2,"HOME",1,-1,1
220.188.114.2,"DHCP HOST",1,657,2
220.188.114.2,"DHCP",1,-1,1
220.188.114.2,"COM",0,99,22
220.188.114.2,"CN",0,2560,5
220.188.114.2,"",0,-1,1
220.187.246.51,"ME",0,-1,1
220.187.246.51,"DHCP HOST",1,-1,1
220.187.246.51,"CPP",1,-1,1
220.187.246.51,"COM",0,99,7
220.187.246.51,"CN",0,12554,4
220.187.246.51,"",0,-1,1
220.181.108.171,"HOST11366",1,-1,1
220.181.108.157,"WIN16130",1,-1,1
220.181.108.120,"HOST10320",1,-1,1
220.181.108.106,"COMNFVNX5",1,-1,1
220.181.108.103,"COM6SR016",1,-1,1
220.181.108.102,"COMFCRX13",1,-1,1
220.130.119.233,"NET",0,197034,2
220.130.119.233,"COM",0,-1,1
220.130.119.231,"TW",0,-1,1
220.130.119.230,"TW",0,-1,1
220.130.119.230,"ORG",0,-1,1
220.130.119.230,"NET",0,-1,1
220.99.127.123,"\152\186D\001\224H?",1,349,4
219.239.230.40,"LOCALDOMAIN",1,-1,1
219.149.135.42,"WTPWRMXBYIVTW",1,-1,1
219.149.135.42,"SFQDQHKTMEKQ",1,-1,1
219.146.28.170,"YXVKKFCDPV",1,-1,1
219.146.28.170,"YXUFQOCOPNMM",1,-1,1
219.146.28.170,"YVHACFTZXMTNPPU",1,-1,1
219.146.28.170,"WORKGROUP",1,-1,1
219.146.28.170,"NET",0,108,2
219.146.28.170,"MIL",0,3585,3
219.146.28.170,"HOME",1,-1,1
219.146.28.170,"ETRJPVQVJAOLQKA",1,-1,1
219.146.28.170,"DHCP",1,17512,2
219.146.28.170,"COM80808080808080808080",1,-1,1
219.146.28.170,"8005",1,-1,1
219.146.28.170,"24780808080808080",1,-1,1
219.146.28.170,"(V\159",1,-1,1
219.146.28.170,"",0,-1,1
219.144.206.138,"COM",0,-1,1
219.143.234.205,"",0,-1,1
219.141.176.2,"COM",0,-1,1
219.141.157.98,"MTNET",1,-1,1
219.141.157.98,"HNRZTSDK",1,-1,1
219.141.157.98,"160",1,-1,1
219.88.187.152,"TIICCOYDATBXOWC",1,-1,1
219.88.187.152,"IAJGDFSWUVAKKF",1,-1,1
219.88.187.152,"HOME",1,9079,6
219.88.187.152,"BDTZDXKGGBVJQJW",1,-1,1
219.88.187.152,"AYQUSSLJXQLJQW",1,-1,1
219.88.187.152,"",0,-1,1
218.248.255.211,"US",0,-1,1
218.248.255.211,"UPJERWJWSDJPYWW",1,-1,1
218.248.255.211,"QFMIAGLZGFDSL",1,-1,1
218.248.255.211,"OUNGCHMS",1,-1,1
218.248.255.211,"ORG",0,-1,1
218.248.255.211,"NPXVNDN",1,-1,1
218.248.255.211,"NPJXTDBSUBUJOQC",1,-1,1
218.248.255.211,"NET",0,42333,2
218.248.255.211,"IN",0,-1,1
218.248.255.211,"ICNYHNWFD",1,-1,1
218.248.255.211,"GDNYKLWTZ",1,-1,1
218.248.255.211,"COM",0,16373,6
218.248.255.211,"BELKIN",1,-1,1
218.248.245.2,"JOJQWYZPCLSYT",1,-1,1
218.248.245.2,"COM",0,-1,1
218.146.32.229,"COM",0,-1,1
218.146.32.229,"ARPA",0,1,20
218.91.157.53,"COM",0,-1,1
218.85.152.58,"ORG",0,-1,1
218.85.138.167,"LOCALDOMAIN",1,-1,1
218.85.137.118,"LOCALDOMAIN",1,-1,1
218.84.130.28,"COM",0,-1,1
218.75.3.179,"NET",0,-1,1
218.75.3.179,"COM",0,215510,2
218.75.3.179,"",0,109081,2
218.75.3.178,"NET",0,-1,1
218.75.3.178,"DHCP HOST",1,-1,1
218.75.3.178,"COMQIUBAI",1,-1,1
218.75.3.178,"COM",0,247,6
218.75.3.178,"",0,66594,3
218.74.122.146,"COM",0,-1,1
218.74.122.146,"",0,-1,1
218.45.239.252,"NET",0,-1,1
218.17.12.42,"\131",1,-1,1
217.243.229.186,"NET",0,-1,1
217.237.150.222,"LOCAL",1,-1,1
217.237.150.222,"BOOKINGSKRITT-3%2A",1,-1,1
217.237.150.31,"ARPA",0,-1,1
217.218.155.113,"151",1,-1,1
217.218.155.111,"HOME",1,-1,1
217.218.155.106,"COM",0,-1,1
217.218.155.106,"065",1,-1,1
217.171.37.77,"NET",0,-1,1
217.171.37.77,"EDU",0,-1,1
217.169.192.78,"COM",0,-1,1
217.169.192.70,"TR",0,-1,1
217.130.255.73,"\131",1,-1,1
217.118.64.45,"XNVOZZKYEM",1,-1,1
217.118.64.45,"WEGBULIEAYMSOUM",1,-1,1
217.118.64.45,"UQTISCYJFSXCQS",1,-1,1
217.118.64.45,"DSRNNYEOCEBRK",1,-1,1
217.118.64.45,"AIONAZEYCHGYYT",1,-1,1
217.118.64.45,"",0,-1,1
217.74.65.131,"US",0,-1,1
217.74.65.131,"",0,-1,1
217.30.129.149,"ELBLAG",1,-1,1
217.30.129.149,"",0,-1,1
217.12.97.15,"RU",0,-1,1
216.243.23.130,"AP1-FREMONT11-U1101",1,-1,1
216.227.35.5,"HOME",1,33606,2
216.227.35.5,"",0,-1,1
216.218.40.74,"NET",0,-1,1
216.214.37.64,"LOCAL",1,-1,1
216.201.68.202,"INFO",0,-1,1
216.189.192.1,"VE",0,-1,1
216.184.2.120,"MY",0,-1,1
216.184.2.120,"",0,-1,1
216.167.144.1,"NET",0,251,2
216.152.51.12,"WS",0,-1,1
216.150.182.2,"\131",1,2,8
216.146.38.157,"173",1,-1,1
216.146.38.157,"169",1,-1,1
216.146.38.152,"GGWPMZKO",1,-1,1
216.144.115.36,"GOV",0,-1,1
216.129.224.17,"RACHEL",1,-1,1
216.126.101.208,"\131",1,-1,1
216.117.191.20,"UK",0,896,4
216.117.191.20,"ORG",0,399,5
216.117.191.20,"NET",0,106,15
216.117.191.20,"INFO",0,89,10
216.117.191.20,"COM",0,48,4
216.117.191.20,"CN",0,4,9
216.117.191.20,"BIZ",0,10755,2
216.117.191.20,"AU",0,1751,4
216.116.96.2,"127",1,-1,1
216.109.3.167,"NET",0,-1,1
216.109.3.167,"COM",0,-1,1
216.82.50.47,"NET",0,-1,1
216.67.109.147,"PCUBDOFXIF",1,-1,1
216.51.246.22,"NET",0,-1,1
216.49.181.252,"VM-68423660-942C-4181-972A-86592E6E7B0D",1,447,2
216.49.181.252,"LOCAL",1,-1,1
216.49.181.252,"L15248",1,-1,1
216.49.181.252,"L15247",1,-1,1
216.49.181.252,"COM",0,4,16
216.49.181.252,"",0,-1,1
216.21.129.22,"LOCALDOMAIN",1,-1,1
216.19.21.24,"INFO",0,-1,1
216.8.211.124,"HOME",1,-1,1
216.4.56.147,"COM",0,-1,1
216.3.136.163,"NET",0,-1,1
216.3.136.163,"",0,-1,1
213.228.68.210,"XEOVMDXIRCFBOZ",1,-1,1
213.192.1.14,"CZ",0,116814,2
213.192.1.14,"COM",0,-1,1
213.183.3.129,"COM",0,-1,1
213.180.142.207,"",0,-1,1
213.180.142.200,"NET",0,54,2
213.180.142.198,"",0,-1,1
213.171.244.61,"DE",0,-1,1
213.143.224.130,"COM",0,-1,1
213.136.95.11,"COM",0,-1,1
213.132.197.171,"COM",0,111071,2
213.132.197.171,"BR",0,-1,1
213.132.197.171,"ARPA",0,-1,1
213.111.4.90,"NET",0,-1,1
213.111.4.90,"COM",0,80969,2
213.55.115.36,"(\202\255",1,33398,3
213.34.65.131,"JP",0,-1,1
213.33.98.174,"YXUHKUETDNNBL",1,-1,1
213.33.98.174,"QKITCDWXJCLB",1,-1,1
213.33.98.172,"DHWHWZGNRNLDJ",1,-1,1
213.33.98.164,"RYFLCPQA",1,-1,1
213.5.255.2,"340",1,-1,1
213.5.255.2,"262",1,-1,1
213.5.255.2,"261",1,-1,1
213.5.255.2,"243",1,-1,1
213.5.255.2,"240",1,-1,1
213.5.255.2,"215",1,-1,1
213.5.255.2,"126",1,-1,1
213.5.69.130,"NET",0,167137,2
213.5.69.130,"COM",0,-1,1
212.183.136.146,"UK-BE-TSTIL-BW06",1,-1,1
212.183.136.146,"",0,-1,1
212.166.132.198,"UYTRUPXRTP",1,-1,1
212.166.132.198,"HMZNRRCPNHEPKB",1,-1,1
212.166.132.196,"ZIHKTTJCZRWSXJ",1,-1,1
212.166.132.196,"SMPKSZDTCZXXZHE",1,-1,1
212.103.128.66,"PRI",1,-1,1
212.98.70.105,"CC",0,-1,1
212.94.96.114,"LOCAL",1,49021,2
212.77.192.39,"EYDNWBLAAM",1,-1,1
212.77.192.38,"OYEJOTZQTYOC",1,-1,1
212.77.192.37,"SRXLCCZWYJYHIJC",1,-1,1
212.77.192.37,"QTFEKLEF",1,-1,1
212.77.192.36,"COM",0,-1,1
212.58.161.174,"ZXEUTRRFQ",1,-1,1
212.58.161.174,"QEKTOUXCTH",1,-1,1
212.58.161.174,"NAOQMQLET",1,-1,1
212.54.39.72,"ZPXEZVCQOVPNHQ",1,-1,1
212.34.12.11,"CZ",0,-1,1
212.21.166.254,"\224\205D\001",1,137,2
212.21.166.254,"\208M\183",1,304,4
212.21.166.254,"`\150F\001",1,1749,2
212.12.187.5,"SA",0,-1,1
211.167.240.120,"TW",0,-1,1
211.167.240.120,"CN",0,-1,1
211.124.9.60,"UCXVRAFGTHR",1,-1,1
211.124.9.60,"GCJMMGIUPFMKHT",1,-1,1
211.124.9.60,"",0,-1,1
211.20.188.75,"TW",0,-1,1
211.20.188.74,"TW",0,-1,1
210.245.24.102,"CRFDYBPKRGZF",1,-1,1
210.245.24.100,"ZAFBKXYYGYEI",1,-1,1
210.245.24.100,"WGEFPVKABHYX",1,-1,1
210.245.24.100,"IMFUBFNDNVMWRU",1,-1,1
210.245.24.100,"FLINSXY",1,-1,1
210.184.85.84,"\160\191\246\001\128\153\247\001",1,-1,1
210.177.232.169,"\240\233\223\001",1,221845,2
210.158.176.206,"COM",0,-1,1
210.158.150.37,"FIEAWXZIIHH",1,-1,1
210.157.80.244,"GLZUPTGQMQ",1,-1,1
210.150.23.50,"IONUMBOIHY",1,-1,1
210.150.23.50,"INTRANET",1,-1,1
210.149.174.106,"COM",0,13,2
210.149.174.106,"",0,-1,1
210.149.129.66,"345-01",1,-1,1
210.19.169.18,"X\199\039",1,-1,1
209.148.132.118,"HOME",1,-1,1
209.148.131.103,"\131",1,-1,1
209.148.131.43,"HOME",1,-1,1
209.148.131.42,"IHLSORNCB",1,-1,1
209.148.131.42,"HOME",1,-1,1
209.148.131.40,"ONENIYBYCEN",1,-1,1
209.148.131.40,"HOME",1,-1,1
209.148.131.12,"_NFSV4IDMAPDOMAIN",1,-1,1
209.148.131.11,"LOCAL",1,-1,1
209.148.131.11,"LO",1,-1,1
209.148.131.9,"LOCAL",1,-1,1
209.148.131.9,"HOME",1,-1,1
209.148.113.101,"COM",0,3,5
209.119.198.230,"NET",0,-1,1
209.107.242.92,"COM",0,-1,1
209.107.242.92,"",0,-1,1
209.107.195.36,"MY",0,-1,1
209.91.64.154,"COM",0,-1,1
209.91.64.145,"PAXIQDEMNUG",1,-1,1
209.82.73.42,"\016\176\206\001\184\237\206\001\192\168",1,33071,2
209.67.181.35,"1488940035",1,1997,7
209.40.219.64,"INFO",0,-1,1
209.36.49.100,"LOCAL",1,249,3
208.251.195.38,"",0,-1,1
208.250.51.3,"CA",0,-1,1
208.175.142.1,"PRNOOZTBKN",1,-1,1
208.175.142.1,"AZEEEKVP",1,-1,1
208.113.157.103,"NET",0,-1,1
208.109.188.9,"LOCALDOMAIN",1,250,2
208.94.37.18,"COM",0,-1,1
208.91.112.53,"AD ACTIVE",1,-1,1
208.90.15.231,"COM",0,42433,2
208.89.12.137,"MET",1,-1,1
208.82.172.153,"RU",0,-1,1
208.79.239.172,"NET",0,-1,1
208.76.26.5,"COM69",1,-1,1
208.69.36.19,"INVALID",1,-1,1
208.69.36.19,"GUEST",1,-1,1
208.69.36.17,"HOME",1,-1,1
208.69.36.12,"NDA-HCLIN-NS01",1,-1,1
208.69.36.12,"LOCALDOMAIN",1,-1,1
208.69.35.21,"INTERNAL",1,-1,1
208.69.35.21,"DQODTEV",1,-1,1
208.69.35.17,"INTERNAL",1,-1,1
208.69.35.17,"COM",0,-1,1
208.69.35.15,"VUCZNLIN",1,-1,1
208.69.35.15,"DE",0,-1,1
208.69.35.11,"JP",0,-1,1
208.69.35.11,"HDWGCKDTUCZLI",1,-1,1
208.69.34.21,"WP0112",1,-1,1
208.69.34.21,"LOCAL",1,-1,1
208.69.34.19,"UK",0,-1,1
208.69.34.17,"UK",0,-1,1
208.69.34.17,"1",1,-1,1
208.69.34.16,"UK",0,-1,1
208.69.34.15,"INTERNAL",1,-1,1
208.69.34.15,"COM",0,165494,2
208.69.34.13,"UK",0,-1,1
208.69.34.13,"LSI200542",1,-1,1
208.69.34.13,"LAC",1,-1,1
208.69.34.13,"DB-CERT-S1-01_JAIL0",1,-1,1
208.69.34.12,"LOCAL",1,-1,1
208.69.34.11,"UK",0,-1,1
208.69.34.11,"COM",0,-1,1
208.69.33.19,"NASHR",1,-1,1
208.69.33.17,"55",1,-1,1
208.69.33.13,"NASHR",1,182492,2
208.69.33.11,"LAN0",1,-1,1
208.69.32.80,"LOC",1,-1,1
208.69.32.77,"LODS0DKD",1,-1,1
208.69.32.22,"JJTUSLJHT",1,-1,1
208.69.32.22,"INVALID",1,-1,1
208.69.32.21,"LOC",1,-1,1
208.69.32.14,"DAKIUXDMO",1,-1,1
208.67.219.21,"EPONG-ED800",1,-1,1
208.67.217.19,"NET",0,71194,2
208.67.217.17,"NET",0,107335,2
208.67.217.17,"INTERNAL",1,-1,1
208.67.217.17,"DHSSHVUNTELXAF",1,-1,1
208.67.217.15,"NET",0,-1,1
208.67.217.11,"NET",0,-1,1
208.67.216.19,"LOCALHOST",1,-1,1
208.67.216.19,"INVALID",1,-1,1
208.54.144.130,"VEJEPSGVWJ",1,-1,1
208.54.144.130,"DWUYKMLZCEPX",1,-1,1
208.54.87.113,"JJMFJHJLXNKWC",1,-1,1
208.54.87.73,"EZKVIQFJ",1,-1,1
208.54.86.120,"TIXSARDRYVPNYGV",1,-1,1
208.54.86.119,"HPNYZIXPW",1,-1,1
208.54.86.118,"OBQUZLMENFMTSDU",1,-1,1
208.54.86.118,"JYZYPMA",1,-1,1
208.54.86.117,"ESAJYKYVBV",1,-1,1
208.54.86.18,"HYUTVWMAYNFX",1,-1,1
208.54.86.17,"KHFEPYV",1,-1,1
208.54.85.120,"MAAJCDKRBMJS",1,-1,1
208.54.85.120,"ATWSLACN",1,-1,1
208.54.85.117,"MGQRVIBAUPNAZN",1,-1,1
208.54.85.117,"INSITE",1,-1,1
208.54.85.97,"ZZENLBLYLGFDSKN",1,-1,1
208.54.85.97,"XSFCPMBVWJUNZLR",1,-1,1
208.54.83.119,"IZXFOMCLLJVSW",1,-1,1
208.54.83.114,"QSGZCMOXHXK",1,-1,1
208.54.83.98,"BSRQYAEUOZ",1,-1,1
208.54.83.97,"ZXXGHIOKALQWM",1,-1,1
208.54.80.126,"WUMIZPHKADZRALH",1,-1,1
208.54.80.125,"GPIUCAYDGFSCZ",1,-1,1
208.54.80.120,"LIQBKMKEVOK",1,-1,1
208.54.80.118,"VHHISFMTGJXFGYP",1,-1,1
208.54.70.114,"KNZOYSP",1,-1,1
208.54.70.113,"PMONXXWOTXYOA",1,-1,1
208.54.64.105,"LCDVWFAPSXPXQR",1,-1,1
208.54.44.73,"SRUZTTB",1,-1,1
208.54.40.114,"WEQMUHTDFKPTHZT",1,-1,1
208.54.39.118,"KOTHETWBWSGBR",1,-1,1
208.54.39.114,"RFJNHSHKSRM",1,-1,1
208.54.39.114,"NLMIBWLKJUC",1,-1,1
208.54.39.113,"GCMIZKDKWITNXZA",1,-1,1
208.54.36.74,"PQWQSJJDVG",1,-1,1
208.54.36.73,"RPVSAJCTRC",1,-1,1
208.54.35.114,"JQGZYWXSAUQE",1,-1,1
208.54.34.114,"KCGXUJOSBT",1,-1,1
208.54.20.117,"QCRATCPP",1,-1,1
208.54.20.117,"KGJSDOVM",1,-1,1
208.54.19.117,"KGZASLNHVCYOYXQ",1,-1,1
208.54.18.123,"MVHWJYKG",1,-1,1
208.54.17.120,"QDDBCFZRNNAPK",1,-1,1
208.54.17.120,"GTPGXLDUIZL",1,-1,1
208.54.17.119,"BVCRWHMTDCLYGWR",1,-1,1
208.54.17.117,"BEZGPPIFZF",1,-1,1
208.54.16.120,"DWAXWWUVYSFVAMT",1,-1,1
208.54.16.118,"EUZOCCIPMD",1,-1,1
208.54.16.117,"AGDMZIFBJMIWGK",1,-1,1
208.54.5.118,"CEAVJMJ",1,-1,1
208.54.5.106,"KLCYJQCD",1,-1,1
208.54.5.105,"BICXWRUXE",1,-1,1
208.54.4.118,"TGWHNJWYIJYUZ",1,-1,1
208.54.4.117,"EEAZAPKNCLEX",1,-1,1
208.54.4.113,"RUSGKHNIBKINORS",1,-1,1
208.54.4.105,"WPHTCBKKRTC",1,-1,1
207.251.194.135,"",0,-1,1
207.250.234.100,"COM",0,616,2
207.248.101.10,"GT",0,-1,1
207.246.240.4,"NET",0,98224,2
207.246.240.4,"COM",0,2,3
207.237.167.194,"LOCAL",1,-1,1
207.179.71.27,"COM",0,6884,2
207.179.71.27,"ARPA",0,-1,1
207.131.124.85,"NET",0,2,73
207.131.124.85,"COM",0,-1,1
207.109.240.1,"HOME",1,665,6
207.108.240.5,"LOCALHOST",1,25563,2
207.108.240.5,"HOME",1,893,3
207.108.240.2,"HOME",1,192,6
207.108.240.2,"GOV",0,0,3
207.108.240.2,"CAMSYS",1,-1,1
207.108.240.1,"LOCALHOST",1,43030,2
207.108.240.1,"65",1,-1,1
207.108.32.3,"NET",0,1,6
207.108.32.3,"LOC",1,28867,2
207.70.172.13,"",0,-1,1
207.69.195.21,"COM",0,-1,1
207.63.203.100,"249",1,-1,1
207.63.203.100,"111",1,-1,1
207.35.116.18,"\1445\163",1,-1,1
206.190.33.19,"PY",0,700,2
206.190.33.19,"",0,-1,1
206.167.153.111,"T0018B0356386",1,-1,1
206.125.40.131,"LU",0,186,2
206.125.40.131,"",0,-1,1
206.80.254.114,"CUBLPEZDKHZGO",1,-1,1
206.80.192.3,"ESC",1,-1,1
206.80.192.1,"INVALID",1,-1,1
206.80.192.1,"HOME",1,1198,3
206.51.132.42,"NET",0,-1,1
205.251.233.163,"",0,-1,1
205.215.135.210,"40\153{\255\127",1,-1,1
205.215.135.210,"",0,-1,1
205.214.207.82,"COM",0,88410,2
205.214.203.16,"CMOLJJP",1,-1,1
205.209.44.10,"COM",0,-1,1
205.171.253.245,"NET",0,2550,3
205.171.253.245,"MHC",1,-1,1
205.171.253.245,"LOCAL",1,441,4
205.171.253.245,"IRDFDIE",1,1295,2
205.171.253.245,"HOME",1,1448,6
205.171.253.245,"DNVR",1,-1,1
205.171.253.245,"&EVENTTYPE=CLOSE&REASON=3&DURATION=658",1,-1,1
205.171.253.218,"HOME",1,441,6
205.171.253.218,"DOMAIN",1,8729,2
205.171.212.89,"PK5001Z",1,1184,3
205.171.175.196,"PIKREGYRTTC",1,-1,1
205.171.175.196,"LAN",1,-1,1
205.171.175.196,"JUSTYMJUKZEVGJP",1,-1,1
205.171.175.196,"IPKAASETQM",1,-1,1
205.171.175.196,"HOME",1,1,3
205.171.175.196,"EU",0,953,3
205.171.175.196,"EDU",0,-1,1
205.171.175.195,"ZGXWZHRGHKWY",1,-1,1
205.171.175.195,"TELJIWMW",1,-1,1
205.171.175.195,"HOME",1,-1,1
205.171.175.195,"AKZYDANJDD",1,-1,1
205.171.175.194,"PK5001Z",1,939,3
205.171.175.194,"PIKREGYRTTC",1,-1,1
205.171.175.194,"JUSTYMJUKZEVGJP",1,-1,1
205.171.175.194,"IPKAASETQM",1,-1,1
205.171.175.194,"INVALID",1,-1,1
205.171.175.194,"HOME",1,300,12
205.171.175.194,"DOMAIN",1,-1,1
205.171.175.194,"COM",0,1,2
205.171.148.225,"HOME",1,5581,4
205.161.14.145,"NET",0,-1,1
205.161.14.145,"COM",0,10342,2
204.238.254.236,"",0,-1,1
204.238.254.163,"LOCAL",1,-1,1
204.194.238.21,"EAEUSPH",1,-1,1
204.194.238.17,"INVALID",1,-1,1
204.194.238.17,"HOME",1,5691,2
204.194.238.15,"ZSYAPPHFCCMNF",1,-1,1
204.194.238.15,"JMKMACMINI",1,-1,1
204.194.238.11,"INC",1,-1,1
204.194.237.19,"STNBXHJIDDIPJD",1,-1,1
204.191.99.51,"TELUS",1,-1,1
204.191.99.50,"TELUS",1,149,2
204.191.99.49,"TELUS",1,-1,1
204.191.99.49,"NET",0,-1,1
204.156.181.122,"NET",0,-1,1
204.152.200.42,"NL",0,-1,1
204.152.200.42,"COM",0,-1,1
204.147.202.62,"\128",1,1387,7
204.138.126.13,"\131",1,12876,6
204.128.192.51,"TLSRV004",1,-1,1
204.118.135.11,"EDU",0,7206,2
204.43.199.237,"X1-R90KE19J",1,-1,1
204.8.188.140,"ORG",0,-1,1
204.8.188.140,"COM",0,2477,4
204.2.159.62,"ARPA",0,-1,1
203.236.122.2,"\2167\164",1,2490,7
203.223.94.98,"ZDOMAJRVYA",1,-1,1
203.223.94.98,"YFZQIEPYXE",1,-1,1
203.223.94.98,"SBDSKFNMLKLSOOV",1,-1,1
203.223.94.98,"OMCSWTTT",1,-1,1
203.223.94.98,"MSPOIZAPVPXYFD",1,-1,1
203.223.94.98,"MSMLDNCGJJMFR",1,-1,1
203.223.94.98,"HBZLKHX",1,-1,1
203.223.94.98,"BLOTSXDMMZHEE",1,-1,1
203.223.94.98,"AYQOBKAM",1,-1,1
203.223.94.98,"AVQCGWEEXH",1,-1,1
203.223.94.98,"AGGVFTMRGPFY",1,-1,1
203.174.178.90,"AUP",1,-1,1
203.173.58.2,"NET",0,-1,1
203.172.220.123,"COM",0,-1,1
203.162.107.36,"NET",0,-1,1
203.162.107.36,"ILINKS",1,-1,1
203.162.107.36,"HOME",1,-1,1
203.162.27.222,"WAUJJPAKRSNP",1,-1,1
203.162.27.218,"RU",0,6685,2
203.162.27.198,"NAME",0,-1,1
203.162.27.198,"LOTMQROFZMI",1,-1,1
203.162.27.198,"HOME",1,-1,1
203.162.27.198,"",0,-1,1
203.134.12.90,"\144E\190",1,545,2
203.134.12.90,"KXCKBSNV",1,-1,1
203.134.12.90,"HOME",1,-1,1
203.115.114.90,"COM",0,-1,1
203.104.11.64,"COM",0,2,4
203.82.111.250,"COM",0,-1,1
203.81.164.253,"RU",0,-1,1
203.81.164.253,"NET",0,-1,1
203.78.32.253,"CN",0,-1,1
203.74.32.130,"\200\153\136",1,6036,2
203.63.248.49,"BZ",0,-1,1
203.10.47.223,"COM",0,-1,1
202.242.38.1,"UPJDBXBFJCITHH",1,-1,1
202.242.38.1,"NLHGXTPVTB",1,-1,1
202.242.38.1,"BCSZXCYNLK",1,-1,1
202.242.38.1,"",0,-1,1
202.239.54.203,"CLUB",0,-1,1
202.238.95.17,"SCEVZRSWCLPZ",1,-1,1
202.238.95.17,"RULFOZD",1,-1,1
202.238.95.17,"REALTEK",1,109,3
202.238.95.17,"KGFCCBISRWOC",1,-1,1
202.238.95.17,"AAYSZOLNJXOOCAJ",1,-1,1
202.238.84.137,"",0,-1,1
202.238.84.83,"",0,-1,1
202.231.66.114,"NET",0,3559,2
202.166.1.22,"QLMSKEWP",1,-1,1
202.166.1.22,"INTERNAL",1,-1,1
202.166.1.22,"EXRNBWFGS",1,-1,1
202.166.1.19,"XUBYXOJNWH",1,-1,1
202.162.223.242,"\168}\008\002\248\137\008\002{93619BAB-0E00-4168-A9D6-A761B49C44E9}",1,-1,1
202.156.1.55,"XJGTWVRTSADH",1,-1,1
202.156.1.55,"TLKSULLLNOTZXO",1,-1,1
202.156.1.55,"NET",0,7683,2
202.151.64.137,"COM",0,-1,1
202.144.209.169,"IRCFIPZCY",1,-1,1
202.144.209.169,"",0,-1,1
202.143.175.234,"CN",0,-1,1
202.143.172.98,"TH",0,-1,1
202.143.144.212,"COM",0,-1,1
202.110.130.211,"DHCP HOST",1,-1,1
202.103.207.116,"ZPBGURXNGXHKNV",1,-1,1
202.103.207.116,"RDGSTAXZXGIA",1,-1,1
202.103.207.116,"MREXJNXZ",1,-1,1
202.103.207.116,"HRUNUMB",1,-1,1
202.103.207.116,"DHCP HOST",1,184420,2
202.103.207.116,"",0,-1,1
202.102.224.251,"TENDAAP",1,-1,1
202.101.224.70,"DNBNHBIAXHN",1,-1,1
202.101.224.70,"DHCP HOST",1,26103,2
202.101.224.70,"B1DB391F",1,-1,1
202.96.113.99,"NET",0,-1,1
202.96.113.99,"DHCP HOST",1,-1,1
202.96.113.99,"COM",0,1902,9
202.96.113.99,"CN",0,19497,2
202.96.113.99,"CC",0,-1,1
202.96.113.99,"",0,40948,3
202.96.113.98,"COM",0,4992,6
202.96.113.98,"CN",0,-1,1
202.96.113.98,"CC",0,-1,1
202.96.104.65,"COM",0,-1,1
202.93.236.58,"LOCAL",1,-1,1
202.70.95.147,"ORG",0,-1,1
202.70.95.147,"LAN",1,-1,1
202.70.95.147,"COM",0,-1,1
202.69.165.180,"COM",0,112941,2
202.69.165.180,"BELKIN",1,-1,1
202.69.165.179,"FR",0,-1,1
202.69.165.179,"COM",0,93852,2
202.69.165.179,"BELKIN",1,-1,1
202.69.11.40,"ULXCRQSUYK",1,-1,1
202.69.11.40,"JHCQTGXBXEB",1,-1,1
202.69.11.40,"GQGYVEDJTSPC",1,-1,1
202.63.240.5,"VRZKTZDRP",1,-1,1
202.63.240.5,"TSQPXXWYMO",1,-1,1
202.63.240.5,"GCCLCLRXLOQBW",1,-1,1
202.63.240.5,"AQTOPKXBYJ",1,-1,1
202.59.80.11,"CORP",1,-1,1
202.56.215.65,"LJQQLWFIMWNP",1,-1,1
202.56.215.65,"HOME",1,6032,2
202.53.8.9,"TKYKVSBFXVXOIX",1,-1,1
202.46.54.183,"HTM",1,-1,1
202.41.214.35,"ORG",0,-1,1
201.252.228.2,"UK",0,14368,2
201.252.228.2,"NET",0,1282,4
201.252.228.2,"KR",0,14467,2
201.252.228.2,"CN",0,-1,1
201.193.223.197,"X\190 \001@J\137",1,-1,1
201.174.207.158,"_TCP",1,7271,2
201.174.207.158,"UDIFOHOZYRSO",1,-1,1
201.174.207.158,"RWMZPSEZMZBXISJ",1,-1,1
201.174.207.158,"INRCKSM",1,-1,1
201.174.207.158,"DHVEWLPVZ",1,-1,1
201.167.94.1,"YMHKDASUCFIIGCZ",1,-1,1
201.167.94.1,"XRUKXERLPA",1,-1,1
201.167.94.1,"TOYSVME",1,-1,1
201.167.94.1,"NVRKRBKVGEYKKX",1,-1,1
201.167.94.1,"NPJOHBIKQTSKWKD",1,-1,1
201.167.94.1,"IIGKTNRPKBGC",1,-1,1
201.167.94.1,"CXDGDFOVJQ",1,-1,1
201.166.116.2,"SBRMVSU",1,-1,1
201.144.127.251,"MQXRHVMAOMMOM",1,-1,1
201.144.127.251,"IP",1,-1,1
201.144.127.251,"DEEVCOGZBFMA",1,-1,1
201.144.127.251,"CIYXFQB",1,-1,1
201.144.127.250,"VTHKQHVDGNVX",1,-1,1
201.144.127.250,"THBEBBRUOSSK",1,-1,1
201.144.127.250,"FDZWZAVKP",1,-1,1
201.144.127.250,"DGIOZHVEF",1,-1,1
201.144.127.250,"BDMLPUIBQET",1,-1,1
201.144.127.241,"ONTBNGVTY",1,-1,1
201.144.127.241,"LKSQDIDXFSFH",1,-1,1
201.144.127.241,"IP",1,1648,5
201.144.127.241,"CUICKKEOCPEG",1,-1,1
201.144.126.227,"UKWQLUZO",1,-1,1
201.144.94.1,"ZOKICERKDHTY",1,-1,1
201.144.94.1,"YNOMKJXRS",1,-1,1
201.144.94.1,"XNVWALCE",1,-1,1
201.144.94.1,"VJSBGHQLTMQWOG",1,-1,1
201.144.94.1,"JBVAKPG",1,-1,1
201.144.94.1,"IP",1,549,7
201.144.94.1,"FRIDZVV",1,-1,1
201.144.94.1,"EMIUETSTY",1,-1,1
201.144.94.1,"DJQTMAGCKU",1,-1,1
201.144.94.1,"CFLKESIKOBIU",1,-1,1
201.144.94.1,"CDPIX",1,-1,1
201.144.94.1,"CCEYFKZQIPT",1,-1,1
201.144.94.1,"BOFAHWLKGAP",1,-1,1
201.144.94.1,"BNS",1,-1,1
201.144.94.1,"BNHAUWMI",1,-1,1
201.130.193.35,"MFMIFNWKTVQ",1,-1,1
201.116.190.243,"ZZQEORQGHNH",1,-1,1
201.116.190.243,"YOLUXOQI",1,-1,1
201.116.190.243,"RRBOXUXS",1,-1,1
201.116.190.243,"QJCDLBJNPG",1,-1,1
201.116.190.243,"IDKLHQCOTNBGW",1,-1,1
201.116.190.243,"EOYKYKQDMDYVES",1,-1,1
201.116.190.243,"CWUPFXPDOMFEV",1,-1,1
201.116.190.243,"CIYXFQB",1,-1,1
201.23.102.147,"",0,-1,1
200.204.160.85,"CN",0,-1,1
200.204.160.85,"",0,-1,1
200.201.206.21,"ORG",0,-1,1
200.196.153.21,"SCBX030CTO",1,-1,1
200.196.153.21,"ARPA",0,74070,2
200.196.153.21,"800000025425-NB",1,-1,1
200.113.192.10,"NET",0,1129,5
200.113.192.10,"COM",0,-1,1
200.107.10.109,"WORKGROUP",1,-1,1
200.81.125.130,"ZARWYCQSBCXUTJQ",1,-1,1
200.81.125.130,"OKXATCR",1,-1,1
200.81.125.130,"OHPOJRMJXI",1,-1,1
200.81.41.12,"VGXIXZXKIOOSN",1,-1,1
200.81.41.12,"DJGPKMZYLJMMBZW",1,-1,1
200.81.41.9,"ZFOTLUYUQTF",1,-1,1
200.81.41.9,"FWFWIADU",1,-1,1
200.81.41.2,"JLYQLQKO",1,-1,1
200.81.35.12,"UGUCPGVNNJYRAZF",1,-1,1
200.81.35.12,"GVSBXLNOBHHPJ",1,-1,1
200.81.35.9,"RMFKHESSKI",1,-1,1
200.81.35.9,"LRJURQZMAL",1,-1,1
200.81.35.2,"FKCJEDNBBCII",1,-1,1
200.79.138.42,"DJEOCZPQBLWUHXT",1,-1,1
200.77.213.252,"UKWZBHXKBQ",1,-1,1
200.77.213.252,"NET",0,-1,1
200.77.213.252,"LOCAL",1,-1,1
200.77.213.252,"AEIGUJIKUK",1,-1,1
200.68.143.50,"WZQRFEXPWGYIB",1,-1,1
200.68.143.50,"TZHQVWTEL",1,-1,1
200.68.143.50,"TXSSJSISNXOIDH",1,-1,1
200.68.128.133,"WVFGAWLBHZSKVUX",1,-1,1
200.68.128.5,"HJYGOMCPR",1,-1,1
200.63.128.178,"UDCATTSYI",1,-1,1
200.54.174.195,"ARPA",0,-1,1
200.52.196.200,"HOME",1,-1,1
200.52.196.196,"WXBIWWJUAHURX",1,-1,1
200.52.196.196,"WKTLPMCSCE",1,-1,1
200.52.196.196,"UNXYEUO",1,-1,1
200.52.196.196,"TFPNORV",1,-1,1
200.52.196.196,"SVXLGAOSFAN",1,-1,1
200.52.196.196,"QPKYVSLXKFLGM",1,-1,1
200.52.196.196,"PLPLSMYTNQDB",1,-1,1
200.52.196.196,"JJUCUCFE",1,-1,1
200.52.196.196,"DIUYUHRFFR",1,-1,1
200.52.167.3,"VQQPCJVVFRL",1,-1,1
200.52.167.3,"HZZLWVJIS",1,-1,1
200.45.191.52,"HOME",1,22217,3
200.45.191.46,"FFCPMRZDNSLYWRH",1,-1,1
200.45.191.46,"CORP",1,-1,1
200.45.191.46,"BMKWFGMLDNGG",1,-1,1
200.43.29.130,"340",1,-1,1
200.35.192.12,"CONNECTIFY",1,-1,1
200.33.148.201,"WMCCXPXLATXYD",1,-1,1
200.33.148.201,"IP",1,5446,2
200.33.148.193,"SCSZXQIMWAQJL",1,-1,1
200.33.148.193,"IP",1,-1,1
200.33.148.193,"CAG",1,-1,1
200.33.146.235,"VLFWQCHIRK",1,-1,1
200.33.146.235,"VBTIVJARZUNE",1,-1,1
200.33.146.235,"KUMOLWZIES",1,-1,1
200.33.146.235,"IP",1,-1,1
200.33.146.218,"AWIQDUNFHU",1,-1,1
200.33.146.213,"IP",1,102299,2
200.33.146.213,"DKYSXFLFQCLHZRI",1,-1,1
200.33.146.209,"IP",1,-1,1
200.33.146.209,"CSOEOGUDUZLAQ",1,-1,1
200.33.146.170,"VPWGAIMN",1,-1,1
200.33.146.170,"BSLDXEWTASK",1,-1,1
200.33.146.169,"PDF",1,-1,1
200.33.146.169,"IP",1,-1,1
200.33.146.153,"IP",1,24518,2
200.33.146.153,"EFAUTZIWQ",1,-1,1
200.33.146.153,"EBVHVEJUKVW",1,-1,1
200.33.146.147,"PRQSOITSEXIX",1,-1,1
200.33.146.138,"WEQFSBJZI",1,-1,1
200.33.146.138,"SYJQFSGNZXHRY",1,-1,1
200.33.146.138,"JUMGALNF",1,-1,1
200.33.146.138,"JHILKQMCV",1,-1,1
200.33.146.138,"JCLHZIWQUHI",1,-1,1
200.33.146.138,"BDBCHIWVMYFXVHS",1,-1,1
200.31.70.20,"COM",0,80631,2
200.23.242.226,"UMAOKMSKGUAQ",1,-1,1
200.23.242.226,"SFVIKYKANT",1,-1,1
200.23.242.226,"SCASZEZSQKZR",1,-1,1
200.23.242.226,"QPYAAFF",1,-1,1
200.23.242.226,"IP",1,-1,1
200.23.242.226,"ABTPHMIMTGLFUI",1,-1,1
200.23.242.225,"UMJBXNSNKP",1,-1,1
200.23.242.210,"SFVIKYKANT",1,-1,1
200.23.242.210,"SCASZEZSQKZR",1,-1,1
200.23.242.210,"QKKPITJBX",1,-1,1
200.23.242.210,"QFZHUJPQM",1,-1,1
200.23.242.210,"IP",1,7886,2
200.23.242.210,"BSBBITHNEIZTH",1,-1,1
200.23.242.209,"IP",1,-1,1
200.23.242.202,"YUPPLDQLZ",1,-1,1
200.23.242.202,"OFGVLRYNS",1,-1,1
200.23.242.202,"LOCAL",1,-1,1
200.23.242.202,"IP",1,-1,1
200.23.242.202,"FKNVHDDSMBE",1,-1,1
200.23.242.202,"EAARRCZDXYUQDKS",1,50157,2
200.23.242.193,"UELBHGQJFIOXSV",1,-1,1
200.23.242.193,"HVJMQREW",1,-1,1
200.23.242.193,"FERRE",1,-1,1
200.23.242.186,"UMGYGYH",1,-1,1
200.23.242.186,"QFZHUJPQM",1,-1,1
200.23.242.186,"NCGOCCF",1,-1,1
200.23.242.186,"MKLMQZEDOFS",1,-1,1
200.23.242.186,"ESRHTJVENQR",1,-1,1
200.23.242.177,"WFIZNXN",1,-1,1
200.23.242.177,"SFAEQZXKLCI",1,-1,1
200.23.242.177,"MHFFFBJJLQVCSY",1,-1,1
200.23.242.177,"IP",1,543,2
200.23.242.177,"BKQMUXYFSD",1,-1,1
200.23.242.162,"ZOSDOZT",1,-1,1
200.23.242.162,"PSMWENFMDMUD",1,-1,1
200.23.242.162,"HAAHAMEBYJQASQ",1,-1,1
200.23.242.162,"FHGXIAJ",1,-1,1
200.23.242.162,"ETXDWZGJQHAL",1,-1,1
200.23.242.161,"YYKYZAW",1,-1,1
200.23.242.161,"IP",1,-1,1
200.23.242.157,"ZHRBOOQ",1,-1,1
200.23.242.157,"YABCNBEPTKUK",1,-1,1
200.23.242.157,"XWZDBAXRH",1,-1,1
200.23.242.157,"XWMHHRGKCNWH",1,-1,1
200.23.242.157,"XNTAINHUQZ",1,-1,1
200.23.242.157,"TJJPFHZ",1,-1,1
200.23.242.157,"SRDRANIJNEPBDV",1,-1,1
200.23.242.157,"OAOJTONJ",1,-1,1
200.23.242.157,"MRUFDGHGRTCJQI",1,-1,1
200.23.242.157,"LUZQJBZQ",1,-1,1
200.23.242.157,"JUYDSFVPDWLITFP",1,-1,1
200.23.242.157,"JOASHPBZ",1,-1,1
200.23.242.157,"IP",1,2988,4
200.23.242.157,"FJSBBXBRYSSOTQ",1,-1,1
200.23.242.157,"DQEKZDWZMPGFMO",1,-1,1
200.23.242.157,"BUILFOZDAGSX",1,-1,1
200.23.242.157,"AKPDNYOYC",1,-1,1
200.23.242.156,"KVEZQRWUZSEO",1,-1,1
200.23.242.156,"HAIQFABBXS",1,-1,1
200.23.242.156,"HAAHAMEBYJQASQ",1,-1,1
200.23.242.156,"GTNHULIHNNERW",1,-1,1
200.10.122.11,"LOCAL",1,-1,1
199.224.80.45,"LOCAL",1,-1,1
199.119.248.7,"STKOKQCTDTTATH",1,-1,1
199.106.103.254,"SAN-COLO1-B26-1-12",1,-1,1
199.85.229.82,"NET",0,3,4
199.59.150.203,"US",0,-1,1
199.59.150.203,"NET",0,-1,1
199.59.150.203,"MX",0,-1,1
199.59.150.203,"LCOM",1,-1,1
199.59.150.203,"INFO",0,-1,1
199.59.150.203,"FYZEREZ",1,-1,1
199.59.150.203,"EDU",0,204,2
199.59.150.203,"COM",0,1340,4
199.59.150.203,"CL",0,-1,1
199.59.150.203,"BR",0,-1,1
199.59.150.200,"US",0,631,2
199.59.150.200,"LT",0,-1,1
199.59.150.200,"FYZRZER",1,-1,1
199.59.150.200,"EH",1,-1,1
199.59.150.200,"DR",1,-1,1
199.59.150.200,"COM",0,10,5
199.59.150.200,"",0,-1,1
199.59.82.133,"DK",0,-1,1
199.59.26.20,"ORG",0,-1,1
199.46.10.9,"UK",0,-1,1
199.44.221.1,"UK",0,-1,1
199.44.221.1,"DE",0,-1,1
199.27.221.79,"SERVER",1,-1,1
199.15.213.245,"NET",0,96,2
199.15.213.245,"CIM",1,-1,1
198.235.218.142,"KOSLJBT",1,-1,1
198.235.218.141,"MEIMXFLSXWWUZ",1,-1,1
198.235.214.172,"HOME",1,-1,1
198.235.212.149,"LOC",1,-1,1
198.235.211.163,"UOFZYRT",1,-1,1
198.235.211.161,"HJTIWJUEJUHDPND",1,-1,1
198.235.211.159,"ROABGRSLQVOMLBC",1,-1,1
198.235.211.153,"GJJOJCEFKPMTJ",1,-1,1
198.235.210.164,"WSBDMZJOJB",1,-1,1
198.235.210.160,"CS",1,-1,1
198.235.210.158,"HOME",1,-1,1
198.235.210.157,"LOCAL",1,-1,1
198.235.210.157,"HOME",1,-1,1
198.235.210.156,"QSESXWWTMD",1,-1,1
198.235.210.156,"HOME",1,-1,1
198.235.210.152,"TRWAXVQ",1,-1,1
198.235.210.134,"HOME",1,-1,1
198.226.42.122,"COM",0,1278,6
198.190.219.11,"NET",0,-1,1
198.182.159.7,"COM",0,2,2
198.143.174.202,"PY",0,-1,1
198.135.224.110,"",0,2,2
198.78.204.145,"COM",0,59,2
198.78.204.145,"",0,-1,1
198.71.225.36,"VN",0,-1,1
198.71.225.36,"COM",0,1211,8
198.71.225.3,"COM",0,1,5
198.71.225.3,"",0,-1,1
198.71.224.24,"TOP",0,-1,1
198.71.224.24,"COM",0,-1,1
198.59.115.2,"SITE",0,6,2
198.47.19.1,"COM",0,-1,1
198.47.19.1,"",0,-1,1
198.32.224.82,"COM",0,-1,1
198.7.18.29,"NET",0,-1,1
198.7.18.29,"",0,-1,1
196.203.82.5,"73",1,-1,1
196.52.39.20,"VN",0,-1,1
196.52.2.105,"AL",0,-1,1
196.44.90.2,"ARPA",0,-1,1
196.22.190.45,"NET\032",1,-1,1
196.5.60.89,"COM",0,-1,1
196.3.81.46,"LAN",1,4552,2
195.175.122.182,"DBEJHVG",1,-1,1
195.175.122.112,"PJVIKRAGXC",1,-1,1
195.175.122.112,"HXDWFQJU",1,-1,1
195.175.122.73,"URQPGTEBZWO",1,-1,1
195.175.122.51,"AOZOIETWZUWWAGD",1,-1,1
195.175.122.49,"COM/*",1,-1,1
195.175.122.49,"",0,-1,1
195.175.121.73,"TSSLTNKNI",1,-1,1
195.175.121.72,"RCSE",1,-1,1
195.159.2.50,"LOCAL",1,-1,1
195.146.149.94,"COM",0,-1,1
195.141.58.2,"\208X\012\001XE\012\001",1,-1,1
195.141.32.250,"ARPA",0,15287,4
195.126.69.203,"\176\204\223",1,10,4
195.117.35.30,"RO",0,-1,1
195.114.173.153,"155",1,-1,1
195.114.161.61,"ORG",0,-1,1
195.114.161.61,"COM",0,-1,1
195.97.252.6,"NET",0,-1,1
195.39.226.66,"NIXSPAM",1,-1,1
195.7.137.237,"COM",0,-1,1
194.177.233.59,"IO",0,-1,1
194.165.98.214,"",0,-1,1
194.85.129.13,"*",1,-1,1
193.255.84.150,"NET",0,192198,2
193.254.189.141,"COM",0,-1,1
193.251.72.183,"LEGTA-BGC",1,-1,1
193.181.7.153,"TW",0,-1,1
193.145.205.220,"ORG",0,-1,1
193.109.72.180,"\208T\238\002\168\030\244",1,48,2
193.75.110.130,"STEINBELSNES",1,-1,1
193.67.53.235,"\196",1,11330,2
193.42.150.52,"COM",0,-1,1
193.41.63.181,"ZBQQSTASTDLBS",1,-1,1
193.41.63.181,"UK",0,12,2
193.41.63.181,"SBSRJKX",1,-1,1
193.41.63.175,"JWKMGSUT",1,-1,1
193.41.63.175,"JDBHKUHHGP",1,-1,1
193.41.63.175,"FBFWTIEBFY",1,-1,1
193.22.205.73,"\0326\142\001X\001\136",1,11,7
193.10.10.20,"NET",0,-1,1
192.254.193.227,"ORG",0,-1,1
192.237.125.2,"TW",0,-1,1
192.237.125.2,"EDU",0,33,2
192.234.111.8,"LOCAL",1,-1,1
192.229.136.55,"NET",0,-1,1
192.229.128.51,"NET",0,24512,2
192.229.128.51,"COM",0,4584,2
192.229.128.51,"",0,-1,1
192.221.151.7,"LOCALDOMAIN",1,-1,1
192.221.151.7,"LOCAL",1,-1,1
192.221.151.4,"LOCALDOMAIN",1,-1,1
192.221.150.134,"FEELEYLAW",1,-1,1
192.221.142.14,"IND",1,-1,1
192.221.142.6,"LOCAL",1,-1,1
192.221.142.2,"CNZYLMBFUH",1,-1,1
192.221.142.1,"COMG",1,-1,1
192.221.139.8,"366",1,-1,1
192.221.139.6,"10",1,-1,1
192.221.139.4,"EXT",1,-1,1
192.221.138.9,"335",1,-1,1
192.221.135.15,"063",1,-1,1
192.221.135.11,"UCRNZJDCUNMU",1,-1,1
192.221.135.9,"GZFXTBVVQMV",1,-1,1
192.221.135.7,"KYOMOWUXK",1,-1,1
192.221.135.6,"CORP",1,-1,1
192.221.135.5,"QDYLTPG",1,-1,1
192.221.135.3,"363",1,-1,1
192.221.135.1,"EKIALLCBCHW",1,-1,1
192.189.54.17,"AU",0,5,4
192.159.176.194,"\232\182\251",1,-1,1
192.119.194.131,"V7U79GE7",1,-1,1
192.119.194.131,"&EVENTTYPE=CLOSE&REASON=3&DURATION=2108",1,-1,1
192.119.20.6,"UZOXWOOK",1,-1,1
192.119.20.4,"QFHVQNFQYCLEM",1,-1,1
192.100.204.7,"ARPA",0,-1,1
192.100.35.2,"ARPA",0,703,2
192.100.35.1,"COM",0,-1,1
192.100.35.1,"ARPA",0,-1,1
192.100.22.2,"RU",0,-1,1
192.100.22.2,"COM",0,558,2
192.34.172.4,"NET",0,-1,1
192.33.27.119,"DFW01-ACCEL49",1,-1,1
192.19.213.94,"LIC-IRVA-000-ORIG",1,-1,1
192.19.213.94,"IRV",1,552,2
192.16.46.45,"COM",0,2256,8
192.16.18.45,"NET",0,1290,4
192.16.18.45,"COM",0,7371,6
192.16.18.45,"",0,-1,1
192.11.214.133,"",0,-1,1
192.1.12.149,"COM",0,-1,1
190.157.8.86,"RARYUFZXWEE",1,-1,1
190.157.8.86,"IDZRBRHHXA",1,-1,1
190.157.8.86,"FOJBXIL",1,-1,1
190.157.8.82,"RQUWQNHMVHJ",1,-1,1
190.157.8.82,"QUGQBHWQO",1,-1,1
190.157.8.82,"QCSXADKFF",1,-1,1
190.157.8.82,"MMKDYFMKBEK",1,-1,1
190.157.8.82,"IGSSGWMWAN",1,-1,1
190.157.8.82,"GVARJXYRRIJI",1,-1,1
190.157.8.46,"UTELGAZ",1,-1,1
190.157.8.46,"UKTJYNH",1,-1,1
190.157.8.46,"STDGWPANWUVFMG",1,-1,1
190.157.8.46,"RYWGGTGMAFZZPLZ",1,-1,1
190.157.8.46,"LVVFJNPTOTETUO",1,-1,1
190.157.8.42,"MKQBGHCBGMPMG",1,-1,1
190.157.8.42,"GGVPPKZBFMR",1,-1,1
190.157.8.42,"FBOUTRVZFIRIIFU",1,-1,1
190.157.8.38,"UBIFGOWYEHQKBW",1,-1,1
190.157.8.38,"QZHMKVXIOYG",1,-1,1
190.157.8.38,"PTLQKNA",1,-1,1
190.157.8.38,"HOME",1,-1,1
190.157.8.38,"GJZWGJTXBQOY",1,-1,1
190.157.8.6,"MOLGZMUX",1,-1,1
190.157.8.6,"LOCAL",1,-1,1
190.147.205.86,"COM",0,-1,1
190.110.96.68,"DE",0,-1,1
190.95.223.190,"ZLPZIKEU",1,-1,1
190.92.0.6,"ZQPEGFKGSHT",1,-1,1
190.92.0.6,"XQTLTDSXEWHDQ",1,-1,1
190.92.0.6,"SHYPTWHGLZNWLI",1,-1,1
190.92.0.6,"RIKGGMDQKRNHU",1,-1,1
190.92.0.6,"QBGJRZTGRKUT",1,-1,1
190.92.0.6,"PMTQGHVTCOFG",1,-1,1
190.92.0.6,"OYBGSVRADQ",1,-1,1
190.92.0.6,"MEXTQUUUJLMLJE",1,-1,1
190.92.0.6,"JDVJTFJ",1,-1,1
190.92.0.6,"COM",0,-1,1
190.90.1.91,"HOME",1,-1,1
190.52.205.162,"LDOVQPDLISYZS",1,-1,1
190.14.246.50,"NET",0,-1,1
190.5.124.58,"LOCALDOMAIN",1,-1,1
190.2.35.28,"COM",0,-1,1
189.240.241.99,"NET",0,152,5
189.233.3.9,"ZDOVWLOQH",1,-1,1
189.233.3.9,"VDFKNLYH",1,-1,1
189.233.3.9,"HUEEGVDPGEPMCQ",1,-1,1
189.233.3.1,"ZQSPZBUA",1,-1,1
189.233.3.1,"YPYIDMMBLLF",1,-1,1
189.233.3.1,"YABWCQTDYQFCR",1,-1,1
189.233.3.1,"UQJOCUE",1,-1,1
189.233.3.1,"UNGMUQW",1,-1,1
189.233.3.1,"RBSJGZCREFPB",1,-1,1
189.233.3.1,"QNOLRLTUMKWRU",1,-1,1
189.233.3.1,"QFEGNDVBXPZ",1,-1,1
189.233.3.1,"OXCEPOVXZLDAWN",1,-1,1
189.233.3.1,"NUOFXUPOYW",1,-1,1
189.233.3.1,"MVDEZVMUGEE",1,-1,1
189.233.3.1,"MKWMOJKA",1,-1,1
189.233.3.1,"LQPGFNEXBFTBKCZ",1,-1,1
189.233.3.1,"LJIJJTMMPMOTTD",1,-1,1
189.233.3.1,"LIGRNFFT",1,-1,1
189.233.3.1,"JSHMHKBNFHQTZNY",1,-1,1
189.233.3.1,"IP",1,2394,7
189.233.3.1,"HUQXBACQ",1,-1,1
189.233.3.1,"HDODOYWKPKVFVM",1,-1,1
189.233.3.1,"DARUTQHRKHVEDKU",1,-1,1
189.233.2.9,"ZDOVWLOQH",1,-1,1
189.233.2.3,"XDSAKNJYLPFNWVC",1,-1,1
189.233.2.3,"UQJOCUE",1,-1,1
189.233.2.3,"MORTTRX",1,-1,1
189.233.2.3,"LQPGFNEXBFTBKCZ",1,-1,1
189.233.2.3,"IP",1,2377,4
189.233.2.1,"XZWAVFDTSUJLTMO",1,-1,1
189.233.2.1,"WYFAKJMBIBI",1,-1,1
189.233.2.1,"WXYXLGFRMEDA",1,-1,1
189.233.2.1,"OMUXUEIOLOSFYCK",1,-1,1
189.233.2.1,"LQPGFNEXBFTBKCZ",1,-1,1
189.233.2.1,"LJIJJTMMPMOTTD",1,-1,1
189.233.2.1,"JSHMHKBNFHQTZNY",1,-1,1
189.233.2.1,"IP",1,-1,1
189.233.2.1,"INNMCVOZ",1,-1,1
189.233.2.1,"HPDNQQMMJ",1,-1,1
189.233.2.1,"EALFNKJYVZKECS",1,-1,1
189.233.2.1,"DYEZIPZYXKEGIAF",1,-1,1
189.233.1.3,"IVPXLRHGSXFDZH",1,-1,1
189.233.1.3,"IP",1,-1,1
189.233.1.3,"ENEPXLZ",1,-1,1
189.233.1.1,"QDNJOHNK",1,-1,1
189.233.0.3,"QDNJOHNK",1,-1,1
189.233.0.3,"IVPXLRHGSXFDZH",1,-1,1
189.233.0.2,"ZMSCYIGYXQTDZ",1,-1,1
189.233.0.2,"ENEPXLZ",1,-1,1
189.220.176.2,"XYVQMRMYTMQIN",1,-1,1
189.220.176.2,"URSCTTMPF",1,-1,1
189.220.176.2,"SISHDKATYX",1,-1,1
189.220.176.2,"RBGMXLM",1,-1,1
189.220.176.2,"PZLKPGUSRAKXTL",1,-1,1
189.220.176.2,"HKEYGMIQRV",1,-1,1
189.220.176.2,"FOMEOWUBEN",1,-1,1
189.220.176.2,"EFJBOSTGUCYEACQ",1,-1,1
189.90.240.36,"EFHZCPKYUSSBGTN",1,-1,1
189.90.240.36,"AJOWPLXS",1,-1,1
189.90.240.36,"301",1,-1,1
189.40.199.149,"QDIEKADCPJ",1,-1,1
189.40.199.148,"XFEGYSSNNYNDW",1,-1,1
189.40.199.148,"RDROTAZFRZQH",1,-1,1
189.40.199.148,"HOME",1,-1,1
189.14.192.229,"COM",0,-1,1
189.7.16.16,"ZILMSRMJHC",1,-1,1
189.7.16.16,"LRDEVJMVAHUSM",1,-1,1
189.7.16.16,"BWHKFWX",1,-1,1
189.6.19.203,"",0,-1,1
188.175.112.238,"PL",0,-1,1
188.121.31.151,"LOCAL",1,-1,1
187.237.39.118,"VPAMTAS",1,-1,1
187.237.39.118,"SLSHUQPPCH",1,-1,1
187.237.39.118,"SHVITXEUFHK",1,-1,1
187.237.39.118,"IPHONE-DE-MIRIS",1,-1,1
187.237.39.118,"IONNYOKTANZENEC",1,-1,1
187.237.39.118,"HWYKQKG",1,-1,1
187.237.14.234,"ZACLRUJ",1,-1,1
187.237.14.234,"YMVZMPRGWPOKC",1,-1,1
187.237.14.234,"YDXFPXGNXKSUDK",1,-1,1
187.237.14.234,"YDOOCIUW",1,-1,1
187.237.14.234,"XZURBDZMQCXYWI",1,-1,1
187.237.14.234,"XBYPEFJPPXP",1,-1,1
187.237.14.234,"WCAPSKOCABOIK",1,-1,1
187.237.14.234,"VGGWANXDLKXLH",1,-1,1
187.237.14.234,"RJSYLFJOIENGE",1,-1,1
187.237.14.234,"QYJRHNUDB",1,-1,1
187.237.14.234,"PJIGNIHRVSF",1,-1,1
187.237.14.234,"ODXDGMCEMLYJEUV",1,-1,1
187.237.14.234,"NATUVZSAZD",1,-1,1
187.237.14.234,"LNVQRDEXQAD",1,-1,1
187.237.14.234,"LKARJGRPITOLXG",1,-1,1
187.237.14.234,"KXIANOMRPGHATO",1,-1,1
187.237.14.234,"KVZOUFIKDVXZEK",1,-1,1
187.237.14.234,"KOVBSRE",1,-1,1
187.237.14.234,"JYMECOGKSQI",1,-1,1
187.237.14.234,"JUSDNZRGJHNBF",1,-1,1
187.237.14.234,"GOYFEDSVWKB",1,-1,1
187.237.14.234,"GHEUNHS",1,-1,1
187.237.14.234,"FKYUFUETS",1,-1,1
187.237.14.234,"DUYSAOI",1,-1,1
187.237.14.234,"CCMDXUPROOCBUOD",1,-1,1
187.237.14.234,"CCHJHNKXY",1,-1,1
187.237.14.234,"BJKLBUETSVJPMA",1,-1,1
187.237.14.234,"AJULBFIUAWQUSE",1,-1,1
187.237.14.213,"ZKUFJUIEC",1,-1,1
187.237.14.213,"VTCCMQTHJ",1,-1,1
187.237.14.213,"UUFVRZB",1,-1,1
187.237.14.213,"UCXMWZVHWA",1,-1,1
187.237.14.213,"SXTBASR",1,-1,1
187.237.14.213,"RMNFVCD",1,-1,1
187.237.14.213,"QPJRKPYRU",1,-1,1
187.237.14.213,"QJNLPLQJGSVOSMX",1,-1,1
187.237.14.213,"QIYHGVOFBYVOUZ",1,-1,1
187.237.14.213,"QGNCIGOUEKT",1,-1,1
187.237.14.213,"ONALZAISWOGY",1,-1,1
187.237.14.213,"MDOKDFPKEO",1,-1,1
187.237.14.213,"IUTIPXGCH",1,-1,1
187.237.14.213,"HUPAWTBNDIYVV",1,-1,1
187.237.14.213,"DQSYDPESXQVUQR",1,-1,1
187.237.14.213,"DIFAHJQT",1,-1,1
187.237.14.213,"DHTHFCDWRQFX",1,-1,1
187.237.14.213,"DGNIZRARRE",1,-1,1
187.210.142.3,"ZMWZMFA",1,-1,1
187.210.142.3,"ZLRSYXUJQMJAY",1,-1,1
187.210.142.3,"XCUZZORVKHQ",1,-1,1
187.210.142.3,"RSNNPZMP",1,-1,1
187.210.142.3,"QYEBEXMXCXYWYX",1,-1,1
187.210.142.3,"PYSSMLAVRSGXGMU",1,-1,1
187.210.142.3,"MIHZYAGV",1,-1,1
187.210.142.3,"KPFQFIA",1,-1,1
187.210.142.3,"INHUKOJTX",1,-1,1
187.210.142.3,"GMKVBNUZRITGVK",1,-1,1
187.210.142.3,"EIRDGIZANNQEND",1,-1,1
187.210.141.44,"XQQAUZHWFJCAWF",1,-1,1
187.210.141.44,"TMWVTSDRXG",1,-1,1
187.210.141.44,"TCWTXOQ",1,-1,1
187.210.141.44,"MTXITBU",1,-1,1
187.186.242.241,"HKMLGVPZA",1,-1,1
187.141.158.249,"IHEBXISGN",1,-1,1
187.141.127.251,"QIJLIAACPJ",1,-1,1
187.141.127.251,"MTNGBLKFBO",1,-1,1
187.141.127.251,"KDXJIUKCTGRH",1,-1,1
187.141.127.251,"FKAVFKBIFEQV",1,-1,1
187.141.94.2,"FDFQGVQBHHZEG",1,-1,1
187.141.94.1,"YRRBONSOBCOPPY",1,-1,1
187.141.94.1,"YFJSSRFWPFRDFZ",1,-1,1
187.141.94.1,"XUZNUGF",1,-1,1
187.141.94.1,"QKULYEXE",1,-1,1
187.141.94.1,"NGO",0,25421,3
187.141.94.1,"IP",1,-1,1
187.141.94.1,"AZRBKCV",1,-1,1
187.141.94.1,"ALWFBRUTBSTZMLA",1,-1,1
187.141.30.241,"OTCGYVQJOZ",1,-1,1
187.141.30.241,"OHGJQANAYAGHFO",1,-1,1
187.141.30.241,"BCZUTMEUWU",1,-1,1
187.141.30.241,"ABSNGAUQL",1,-1,1
187.141.30.3,"IP",1,76883,2
187.141.30.3,"BYAYYMIXAK",1,-1,1
187.141.30.2,"VJSBGHQLTMQWOG",1,-1,1
187.141.30.2,"SWLROKTSBRTIYPK",1,-1,1
187.141.30.2,"QUXYLRGXEDM",1,-1,1
187.141.30.2,"IP",1,1847,4
187.141.30.2,"DLGWRBKFVB",1,-1,1
187.141.30.2,"CDPIX",1,-1,1
187.141.30.2,"CCF",1,-1,1
187.141.30.2,"CAM",0,39223,2
187.94.16.30,"COM",0,-1,1
187.94.16.30,"353",1,-1,1
187.94.16.30,"304",1,-1,1
187.94.16.30,"140",1,-1,1
187.94.16.30,"010",1,-1,1
186.178.2.244,"PLAUGYY",1,-1,1
186.178.2.244,"HIZLCTUJKGTTH",1,-1,1
186.130.130.84,"HOMESTATION",1,-1,1
186.130.130.83,"CKKDZPVKXWBHXP",1,-1,1
186.130.130.72,"COM",0,-1,1
186.130.130.71,"CJYWFPCJVW",1,-1,1
186.130.130.23,"JSFXGVFTN",1,-1,1
186.130.130.15,"ZMXXYIIKRX",1,-1,1
186.130.130.12,"HJRLDVNVCEMQTW",1,-1,1
186.110.104.51,"TRBJWTEVSBBUDO",1,-1,1
186.110.104.51,"GYJOCZRZODUTIQK",1,-1,1
186.110.104.51,"ENVYKFK",1,-1,1
186.82.186.201,"WDIKWLFC",1,-1,1
186.73.192.106,"NET",0,-1,1
186.73.192.106,"COM",0,-1,1
186.33.173.100,"",0,-1,1
185.175.127.3,"COM",0,-1,1
185.175.127.3,"ARPA",0,-1,1
185.167.211.215,"",0,-1,1
185.51.248.13,"NET",0,-1,1
185.51.248.13,"ME",0,44025,2
185.51.248.13,"COM",0,109871,2
185.38.28.28,"LOCAL",1,-1,1
185.38.28.28,"",0,-1,1
185.25.32.40,"BR",0,2,2
185.25.32.40,"",0,-1,1
185.16.44.246,"ORG",0,-1,1
184.168.200.140,"COM",0,87103,2
184.154.200.149,"COM",0,-1,1
184.106.242.193,"NET",0,-1,1
184.100.212.196,"UK",0,-1,1
184.100.212.196,"NET",0,-1,1
184.63.64.69,"XKTUPMJUYFXYA",1,-1,1
184.27.136.220,"FR",0,-1,1
184.27.136.220,"",0,-1,1
184.16.37.226,"NXDIMJKBGOUWLKN",1,-1,1
183.78.64.79,"WIMAX",1,11,2
183.78.64.76,"WIMAX",1,-1,1
183.38.96.43,"COM",0,-1,1
183.3.229.12,"NET",0,-1,1
183.3.229.12,"COM",0,-1,1
182.253.107.61,"COM",0,20034,4
182.163.62.40,"AU",0,-1,1
182.160.127.142,"\232\156\013\002\208\2314",1,-1,1
182.93.158.10,"ARPA",0,-1,1
182.93.148.210,"NET",0,-1,1
182.32.66.55,"COM",0,-1,1
181.113.126.24,"YDOCOISJN",1,-1,1
181.113.126.24,"VMGZMNVM",1,-1,1
181.113.126.24,"TVTYIRWNHT",1,-1,1
181.113.126.24,"OYHNKFEMWX",1,-1,1
181.112.62.102,"223",1,-1,1
181.64.191.128,"COM",0,-1,1
180.249.150.119,"COM",0,-1,1
180.182.54.14,"JRTPCVCQBE",1,-1,1
180.182.54.14,"",0,-1,1
180.168.255.54,"HOME",1,-1,1
180.168.255.13,"WORKGROUP",1,-1,1
180.168.46.118,"LOCAL",1,-1,1
180.166.3.218,"WORKGROUP",1,-1,1
180.162.125.61,"COM",0,-1,1
180.153.238.90,"COM",0,-1,1
180.101.47.121,"COM",0,-1,1
180.76.15.139,"BRHTTP",1,-1,1
179.184.24.94,"COM",0,120844,2
179.96.25.69,"EDU",0,-1,1
179.60.247.252,"255",1,-1,1
179.60.247.252,"246",1,-1,1
179.60.247.252,"165",1,-1,1
179.32.106.165,"",0,-1,1
179.27.75.130,"UY",0,-1,1
178.251.212.45,"ZSNONZE",1,-1,1
178.251.212.45,"YFFTXMVVHVJJVDH",1,-1,1
178.251.212.45,"WYPVLDZRNTHBYUL",1,-1,1
178.251.212.45,"VRGWHZLGMPPZQS",1,-1,1
178.251.212.45,"TBFGQLII",1,-1,1
178.251.212.45,"PQYPSOUFH",1,-1,1
178.251.212.45,"NRUHWLZCUMSXSE",1,-1,1
178.251.212.45,"MCLKPVJ",1,-1,1
178.251.212.45,"LIACXWKOSABG",1,45182,2
178.251.212.45,"LANEVLNG",1,-1,1
178.251.212.45,"KZJDFKYH",1,-1,1
178.251.212.45,"KOYJSYI",1,-1,1
178.251.212.45,"KNCTWYZ",1,-1,1
178.251.212.45,"HIMFIQWYZQPNGOJ",1,-1,1
178.251.212.45,"HDPMVBOHISS",1,-1,1
178.251.212.45,"HCXXJOIMSBWQ",1,-1,1
178.251.212.45,"GSXHJHERJDJPZ",1,-1,1
178.251.212.45,"COM",0,4631,2
178.251.212.45,"BVPUQIHKXRQI",1,-1,1
178.251.212.45,"BQROAQNUS",1,-1,1
178.251.212.45,"AYBIVEE",1,-1,1
178.251.212.45,"223",1,-1,1
178.238.159.23,"BIND",0,-1,1
178.238.159.23,"",0,-1,1
178.155.104.214,"NET",0,-1,1
177.246.148.168,"",0,-1,1
177.91.160.97,"1",1,-1,1
177.91.160.97,"051",1,-1,1
177.67.24.14,"NET",0,5,2
176.115.123.1,"234",1,-1,1
176.115.123.1,"204",1,-1,1
176.115.123.1,"103",1,-1,1
176.115.123.1,"016",1,-1,1
176.107.192.1,"DLINK",1,-1,1
175.150.218.146,"COM",0,-1,1
175.23.60.30,"NET",0,-1,1
175.23.60.30,"COM",0,-1,1
175.10.159.199,"COM",0,1046,2
175.6.3.173,"DHCP HOST",1,-1,1
175.6.3.173,"254",1,-1,1
174.127.228.171,"HU",0,-1,1
174.127.47.193,"COM",0,-1,1
173.246.233.50,"KMWEOIVLODWX",1,-1,1
173.246.233.50,"JQIEIWG",1,-1,1
173.244.109.49,"NET",0,-1,1
173.239.232.166,"BE",0,-1,1
173.230.196.10,"NET",0,100,2
173.224.161.180,"PAYPALCORP",1,-1,1
173.224.161.180,"KRISH5-2-7084",1,-1,1
173.224.161.180,"",0,47074,2
173.196.225.2,"NET",0,991,2
173.196.225.2,"",0,-1,1
173.194.171.13,"HOME",1,-1,1
173.194.171.10,"LAN",1,-1,1
173.194.171.3,"\032",1,-1,1
173.194.103.4,"XCYKLRGMXOPROG",1,-1,1
173.194.103.4,"DF1-NEXMARK-STREAMING-LOA-05222023-F996-HARNESS-W7XQ",1,-1,1
173.194.90.20,"FJVPDMW",1,-1,1
173.46.78.186,"ZSPSDXPQQ",1,-1,1
173.46.78.186,"XEZHQGNEQXEH",1,-1,1
173.46.78.186,"KNBYHNR",1,-1,1
173.46.78.186,"",0,-1,1
173.46.77.178,"QORQDLXFE",1,-1,1
173.46.77.147,"COM",0,-1,1
173.46.76.175,"JYAFGLBU",1,-1,1
173.9.106.174,"COM",0,-1,1
172.102.65.9,"LOCAL",1,-1,1
172.102.33.10,"FREENAS",1,-1,1
172.102.33.4,"LOCAL",1,-1,1
172.99.33.15,"LOCAL",1,-1,1
172.68.83.11,"NET",0,-1,1
172.68.83.5,"COM",0,-1,1
172.58.137.33,"NET",0,12,6
172.58.21.31,"NET",0,-1,1
172.56.23.173,"",0,-1,1
171.83.172.133,"COM",0,-1,1
170.231.60.124,"260",1,-1,1
170.231.60.124,"073",1,-1,1
170.200.168.2,"56\255\127",1,106,4
170.83.48.201,"ARPA",0,-1,1
170.83.48.201,"",0,-1,1
170.74.234.78,"MANFJZGCWUMHEKK",1,-1,1
169.157.186.5,"11D\255\127",1,9,4
168.233.254.102,"SE",0,9,2
168.233.254.102,"",0,-1,1
168.61.152.195,"Z",1,-1,1
167.250.181.3,"261",1,-1,1
167.250.181.3,"245",1,-1,1
167.250.181.3,"174",1,-1,1
167.250.181.3,"146",1,-1,1
167.250.181.3,"053",1,-1,1
167.250.181.3,"046",1,-1,1
167.216.128.55,"ARPA",0,-1,1
167.89.125.205,"CEPH-DEMO",1,-1,1
166.217.236.77,"NET",0,-1,1
166.203.40.119,"NET",0,-1,1
166.181.191.23,"KXRKWXPJAGZVKLS",1,-1,1
166.181.191.22,"ZTUHFDMVSXAOET",1,-1,1
166.181.191.22,"JZSSJAJCQVXV",1,-1,1
165.254.240.158,"PL",0,309,4
165.254.240.158,"NET",0,9,4
165.254.240.158,"COM",0,2545,2
165.254.240.158,"",0,-1,1
165.254.102.79,"LOCAL",1,-1,1
165.254.102.79,"8\173\193\002X\222\191\002\192\168\002\004",1,-1,1
165.201.31.3,"LOCAL",1,-1,1
165.21.100.89,"COM",0,115546,2
165.21.83.99,"LOCAL",1,-1,1
165.21.83.89,"TWO",1,-1,1
165.21.83.89,"LOCAL",1,-1,1
165.21.83.89,"COM",0,-1,1
164.92.9.22,"7M\255\127",1,-1,1
163.182.255.18,"\196",1,26222,2
163.121.200.234,"FBRAPCSWPCAJT",1,-1,1
163.121.200.234,"EFVCHPNS",1,-1,1
163.121.194.6,"ZROZMJUU",1,-1,1
163.121.194.6,"YEUGMIWUUKRR",1,-1,1
163.121.194.6,"YDJHGHKYDVA",1,-1,1
163.121.194.6,"XZKCAVQ",1,-1,1
163.121.194.6,"VFCBDNE",1,-1,1
163.121.194.6,"TWMAJKVH",1,-1,1
163.121.194.6,"QAVNEANERTH",1,-1,1
163.121.194.6,"NHSQXDYYUSRSGA",1,-1,1
163.121.194.6,"GFVWKHDY",1,-1,1
163.121.194.6,"GAZWOFFL",1,-1,1
162.245.216.40,"NO",0,-1,1
162.245.216.40,"",0,-1,1
162.218.67.34,"COM",0,1548,2
162.158.254.58,"IO",0,-1,1
162.158.245.71,"XYZ",0,-1,1
162.158.213.65,"COM",0,34482,2
162.158.213.65,"",0,65192,2
162.158.141.65,"COM",0,14483,2
162.158.125.60,"",0,-1,1
162.158.125.6,"SH",0,-1,1
162.158.105.118,"NET",0,20209,3
162.158.77.204,"UA",0,-1,1
162.158.77.192,"",0,-1,1
162.158.73.82,"AR",0,-1,1
162.158.70.78,"NET",0,-1,1
162.158.60.82,"NET",0,-1,1
162.158.60.76,"IO",0,-1,1
162.158.56.118,"COM",0,-1,1
162.150.206.74,"WOTMJDJK",1,-1,1
162.150.206.74,"VXMZRJL",1,-1,1
162.150.206.74,"PC06F053",1,-1,1
162.150.206.74,"IVH",1,-1,1
162.150.206.74,"8H\027\002\144\213\027\002\001",1,-1,1
162.150.206.68,"8H\027\002\144\213\027\002\001",1,-1,1
162.150.206.67,"DFKRKXZKOELD",1,-1,1
162.119.232.100,"LOGAPP",1,-1,1
162.119.232.100,"",0,-1,1
162.53.200.8,"BH",0,-1,1
162.53.200.8,"ARPA",0,196722,2
161.170.236.10,"IAM2INITIAL-11026402-2-51316451",1,-1,1
161.170.236.10,"",0,-1,1
161.149.102.50,"SE",0,-1,1
161.149.102.50,"",0,-1,1
161.68.250.4,"\128\208\217",1,2,8
160.46.252.61,"TW",0,8734,2
160.46.252.61,"SCIENCE",0,89162,2
159.83.136.5,"LMSDBP2",1,-1,1
158.106.208.163,"STOCKHOLM",0,-1,1
158.106.48.10,"-64976415",1,-1,1
157.193.153.254,"DK",0,-1,1
157.82.81.16,"JP",0,-1,1
157.58.196.192,"NEO",1,2,20
157.56.204.49,"LOCAL",1,-1,1
157.55.240.73,"28",1,-1,1
157.7.105.196,"MY",0,-1,1
157.7.105.196,"DE",0,-1,1
157.7.105.159,"NET",0,27829,3
157.7.104.86,"BIZ",0,-1,1
157.7.104.17,"NET",0,13611,2
157.7.104.15,"NET",0,2695,3
153.220.115.211,"NL",0,303,2
153.220.115.211,"NET",0,-1,1
153.2.242.116,"109",1,2442,2
152.72.250.177,"LOC",1,-1,1
149.36.226.134,"ARPA",0,121310,2
148.164.0.250,"J}\224/J}\224",1,4,4
148.87.1.21,"COM",0,-1,1
148.87.1.21,"191",1,-1,1
148.85.1.21,"",0,-1,1
146.112.129.12,"RUWDJBAZIXJL",1,-1,1
146.112.129.12,"IADBDQUF",1,-1,1
146.112.128.12,"ARPA",0,-1,1
146.112.128.11,"SOCGEN",1,-1,1
146.112.128.11,"QKSAYHGKW",1,-1,1
144.139.173.116,"\160\145=",1,20765,2
144.121.10.150,"",0,-1,1
143.255.154.253,"COM",0,-1,1
143.62.47.247,"COM",0,-1,1
143.62.46.250,"COM",0,4,5
143.61.200.1,"COM",0,9574,2
143.0.80.182,"NET",0,-1,1
142.166.151.141,"CH",0,-1,1
142.166.151.141,"AP7006H",1,-1,1
142.166.151.117,"AI",0,-1,1
142.166.151.41,"ZONEDIRECTOR",1,-1,1
142.166.151.25,"LOCAL",1,-1,1
142.166.151.17,"DNS_FAILED_LOOKUP",1,-1,1
142.161.2.14,"NXNHPJQHUWYF",1,-1,1
142.161.2.14,"ESLGEYAKOFZEFW",1,-1,1
142.161.2.14,"COM",0,8385,2
142.150.1.18,"TV",0,252,2
141.207.211.254,"ZMJVAYCBTJRNEZL",1,-1,1
141.207.211.254,"XMCMNSNUVXALA",1,-1,1
141.207.211.254,"XDTBUBONJY",1,-1,1
141.207.211.254,"WWPYPPXDRO",1,-1,1
141.207.211.254,"UJYPDKEGXMS",1,-1,1
141.207.211.254,"UCVQQTUEPNGIV",1,-1,1
141.207.211.254,"TW",0,2,6
141.207.211.254,"TGEOSUAEAYF",1,-1,1
141.207.211.254,"SJVLXVNQLUDLX",1,69413,2
141.207.211.254,"QVADCWUBK",1,-1,1
141.207.211.254,"POYEUKEYWXCXE",1,-1,1
141.207.211.254,"LXLZTNRH",1,-1,1
141.207.211.254,"LOCAL",1,-1,1
141.207.211.254,"LNJFHNQ",1,-1,1
141.207.211.254,"IYAAEXAL",1,-1,1
141.207.211.254,"IXRRCAHNY",1,-1,1
141.207.211.254,"INVALID",1,-1,1
141.207.211.254,"IAHOCLAFWDDBHTD",1,-1,1
141.207.211.254,"HQSGAKL",1,-1,1
141.207.211.254,"GYNSRSFGWACYOJ",1,-1,1
141.207.211.254,"DPBEAOKPED",1,-1,1
141.207.211.254,"DMSRQSWEUZHRMR",1,-1,1
141.207.211.254,"CORP",1,-1,1
141.207.211.254,"CEZKUOT",1,-1,1
141.207.211.254,"AUHZJYSUA",1,-1,1
141.207.211.254,"",0,-1,1
141.207.197.254,"YZLNWWFYTFCC",1,-1,1
141.207.197.254,"VEZPYFKEAGZ",1,-1,1
141.207.197.254,"URIUSQUFPTSTI",1,-1,1
141.207.197.254,"TLEKHTVZDACIHZN",1,-1,1
141.207.197.254,"TGLSHAQMHQZI",1,-1,1
141.207.197.254,"ORDPBBRBGMBJC",1,-1,1
141.207.197.254,"OGBERDFT",1,-1,1
141.207.197.254,"MEOWEOKG",1,-1,1
141.207.197.254,"LOCAL",1,1,2
141.207.197.254,"KXHAXMIVMQAP",1,-1,1
141.207.197.254,"KRGLFEPGRQJVCA",1,-1,1
141.207.197.254,"COM",0,0,12
141.207.197.254,"ACUFKYWNKLHZYS",1,-1,1
141.191.20.21,"DE",0,2788,2
141.191.20.21,"",0,-1,1
141.168.4.19,"GATEWAY",1,2951,4
141.8.174.114,"147",1,-1,1
140.242.64.200,"\227\134\136",1,-1,1
139.199.206.57,"COM",0,-1,1
138.246.253.21,"ORG",0,-1,1
138.99.60.109,"74",1,-1,1
138.99.60.109,"372",1,-1,1
138.99.60.109,"33",1,-1,1
138.99.60.109,"304",1,-1,1
138.99.60.109,"194",1,-1,1
138.99.60.109,"176",1,-1,1
138.99.60.109,"169",1,-1,1
138.99.60.109,"142",1,-1,1
138.99.60.109,"075",1,-1,1
138.99.60.109,"064",1,-1,1
138.99.60.109,"043",1,-1,1
138.99.60.109,"010",1,-1,1
138.99.60.109,"001",1,-1,1
138.97.162.73,"ORG",0,-1,1
138.97.162.73,"NET",0,-1,1
138.97.162.73,"ES",0,-1,1
138.97.162.73,"COM",0,22510,3
138.97.36.34,"RU",0,4043,2
138.97.36.34,"NZ",0,-1,1
138.91.91.84,"Z",1,-1,1
138.91.90.68,"Z",1,-1,1
138.91.89.204,"Z",1,-1,1
137.59.120.17,"AU",0,-1,1
134.186.221.1,"LOCALHOST",1,-1,1
133.130.6.52,"NET",0,-1,1
133.31.218.3,"COM",0,99,4
132.208.148.100,"COM",0,-1,1
131.243.64.2,"GT",0,-1,1
131.243.64.2,"",0,-1,1
131.242.134.234,"INTERNAL",1,-1,1
130.132.153.110,"LOCALHOST",1,-1,1
128.100.102.202,"MAGNGZQZMPTRA",1,-1,1
128.100.102.202,"GMCEKBIXULY",1,-1,1
126.211.233.113,"JLJODGTQCE",1,-1,1
126.211.189.107,"QHZCWLA",1,-1,1
126.211.165.43,"BSHVEFL",1,-1,1
126.211.165.42,"OEQRVKZKIZBYNEF",1,-1,1
125.212.196.207,"VN",0,-1,1
125.212.196.207,"",0,-1,1
125.174.104.107,"COM",0,-1,1
125.132.3.135,"(ZP\0010C\177",1,14726,4
125.78.44.37,"INFO",0,-1,1
125.77.194.239,"LOCALDOMAIN",1,-1,1
125.39.207.20,"COM",0,48874,2
125.31.5.12,"",0,-1,1
124.202.154.7,"LOCALDOMAIN",1,-1,1
124.202.153.142,"LOCALDOMAIN",1,-1,1
124.106.10.236,"BR",0,-1,1
124.106.5.104,"ATVVFUIHLQEMCY",1,-1,1
124.30.5.147,"COM",0,-1,1
124.30.5.147,"ARPA",0,142,4
124.6.255.169,"COM",0,-1,1
123.160.220.43,"COM",0,-1,1
123.136.100.31,"ZFORGWQO",1,-1,1
123.136.100.31,"XYKCBJPJYP",1,-1,1
123.136.100.31,"WIKEOKJYHGHB",1,-1,1
123.136.100.31,"OFWEXYJRSHGOQB",1,-1,1
123.136.100.31,"MKQFICSCOUBX",1,-1,1
123.136.100.31,"LUZXUPIHNZ",1,-1,1
123.136.100.31,"LKZZZMIU",1,-1,1
123.136.100.31,"KVDWQNHNQVMCSN",1,-1,1
123.126.122.141,"COM",0,-1,1
123.126.122.141,"CN",0,-1,1
123.125.71.89,"COMAUP0TW",1,-1,1
123.125.71.72,"COMYL8CDR",1,-1,1
123.125.71.47,"COMK8O2W7",1,-1,1
123.125.71.38,"COMEWPVFE",1,-1,1
123.125.71.31,"CC-658",1,-1,1
123.63.202.106,"RU",0,-1,1
122.234.10.63,"COM",0,-1,1
122.227.98.252,"NET",0,-1,1
122.227.98.252,"COM",0,-1,1
122.209.192.130,"CO",0,6,8
122.143.13.5,"COM",0,-1,1
122.117.105.229,"TW",0,-1,1
122.116.234.61,"COM",0,-1,1
122.4.196.184,"COM",0,-1,1
122.2.165.166,"WATGGKWBS",1,-1,1
122.2.165.166,"UHCEDYWHHK",1,-1,1
122.2.165.166,"PC16",1,-1,1
122.2.165.166,"MJCPHLL",1,-1,1
122.2.165.166,"LOCAL",1,51168,2
122.2.165.166,"HOMESTATION",1,-1,1
122.2.165.166,"GCHPCXPCP",1,-1,1
122.2.165.166,"FVZYDBOSVUYT",1,-1,1
122.2.165.166,"ADEUVIXNPPFXOSE",1,-1,1
121.131.202.120,"BIZ",0,-1,1
121.97.137.48,"COM",0,-1,1
121.92.38.74,"COM",0,-1,1
121.58.224.211,"220\226\128\139",1,-1,1
121.26.225.2,"TV",0,-1,1
121.26.225.2,"ORG",0,866,3
121.26.225.2,"NET",0,6,8
121.26.225.2,"COM",0,2,90
121.26.225.2,"CN",0,2,22
121.26.225.2,"ARPA",0,69,4
121.0.29.221,"2\129",1,9,4
121.0.29.190,"\131",1,3,5
120.86.68.195,"COM",0,-1,1
120.29.240.34,"P\150\013\001",1,2,24
120.29.240.34,"@F\212",1,3,21
119.253.46.42,"ORG",0,-1,1
119.9.5.13,"COM",0,-1,1
118.238.216.74,"UK",0,-1,1
118.238.216.74,"",0,-1,1
118.189.35.242,"NET",0,4933,2
118.189.35.242,"",0,-1,1
118.172.120.3,"",0,-1,1
118.145.5.17,"LOCALDOMAIN",1,-1,1
118.140.253.98,"CN",0,-1,1
118.123.210.7,"JLKBWTPVSGKEXM",1,-1,1
118.85.220.85,"NET",0,-1,1
118.85.220.85,"JNFGGSWFL",1,-1,1
118.85.220.85,"DOMAIN",1,-1,1
118.85.220.85,"DHCP",1,-1,1
117.254.87.97,"",0,-1,1
117.239.90.82,"",0,-1,1
117.102.65.46,"NET",0,3,4
117.102.65.46,"COM",0,1112,2
117.102.65.46,"ARPA",0,-1,1
117.27.151.79,"LOCALDOMAIN",1,-1,1
117.27.141.174,"LOCALDOMAIN",1,-1,1
116.9.94.71,"OHAOITN",1,-1,1
116.9.94.71,"NYFLNJWVYHPQT",1,-1,1
116.9.94.71,"NUGKLJRNNDHIFYE",1,-1,1
116.9.94.71,"MOBI",0,-1,1
116.9.94.71,"DHCP HOST",1,5894,5
116.9.94.71,"COMPACT_QVM_ROUTER",1,-1,1
116.9.94.71,"COM",0,-1,1
115.112.18.13,"AU:443",1,-1,1
115.112.18.12,"AHRKVKOWFV",1,-1,1
115.78.239.84,"MX",0,704,2
115.78.239.84,"BR",0,1186,2
114.125.195.199,"ARPA",0,-1,1
113.90.106.131,"NET",0,-1,1
113.56.30.186,"COM",0,-1,1
113.21.241.79,"NET",0,-1,1
112.198.126.116,"ZMCNUAYBHKCUZX",1,-1,1
112.198.126.116,"YYJMMZZHOKQM",1,-1,1
112.198.126.116,"YUWPFZG",1,-1,1
112.198.126.116,"YPTBMYII",1,-1,1
112.198.126.116,"XYTEKHUG",1,-1,1
112.198.126.116,"SCVSHBVA",1,-1,1
112.198.126.116,"ROUTER",1,-1,1
112.198.126.116,"PMI",1,-1,1
112.198.126.116,"OKSNKGKKMB",1,-1,1
112.198.126.116,"NRFFKFM",1,-1,1
112.198.126.116,"LFIVNBRFTRAX",1,-1,1
112.198.126.116,"JYJFJMMVRJIBSR",1,-1,1
112.198.126.116,"IZCKAGXJXF",1,-1,1
112.198.126.116,"IWPMRYDSX",1,-1,1
112.198.126.116,"GRPESASSSSI",1,-1,1
112.198.126.116,"FSTAUIHIDFI",1,-1,1
112.198.126.116,"FIAZDSGCIKBIKPA",1,-1,1
112.198.126.116,"EKDZWLVF",1,-1,1
112.198.126.116,"DNRRVGMVSGMIGDH",1,-1,1
112.198.126.116,"DJODDMSPUW",1,-1,1
112.198.126.116,"BWSPEJGTWZ",1,-1,1
112.198.126.116,"BIJZQKVKPL",1,-1,1
112.170.71.227,"BIZ",0,-1,1
112.110.240.199,"ZJWQPCG",1,-1,1
112.110.240.199,"XXYVRCCRZGMDKDN",1,-1,1
112.110.240.199,"WZBVBNWILF",1,-1,1
112.110.240.199,"VYZSUGWEYG",1,-1,1
112.110.240.199,"VDDPCJPPBKREV",1,-1,1
112.110.240.199,"UQSJQLFOHZTPKGW",1,-1,1
112.110.240.199,"UHPDUFSMKEYNGAZ",1,-1,1
112.110.240.199,"TLEIIXMUNGVZA",1,-1,1
112.110.240.199,"RGAJNFDEXFK",1,-1,1
112.110.240.199,"OHMOGWG",1,-1,1
112.110.240.199,"ODVHCFD",1,-1,1
112.110.240.199,"KQNJHAMJSGS",1,-1,1
112.110.240.199,"JUZESUTLUABN",1,-1,1
112.110.240.199,"HFPAJGRTAAHPS",1,-1,1
112.110.240.199,"HDNJTBDADOIX",1,-1,1
112.110.240.199,"GOD",1,-1,1
112.110.240.199,"FVHMODDPSSS",1,-1,1
112.65.184.232,"TENDAAP",1,-1,1
112.65.184.232,"LOCAL",1,24904,2
112.65.184.232,"LAN",1,-1,1
112.65.184.232,"JS",1,-1,1
112.65.184.232,"IDC-LDAP-02",1,-1,1
112.65.184.232,"DHCP",1,-1,1
112.64.124.242,"NET",0,-1,1
112.64.124.242,"COM",0,-1,1
111.223.78.130,"\196",1,-1,1
111.183.116.140,"COM",0,-1,1
111.175.221.30,"WORKGROUP",1,-1,1
111.175.221.30,"DOMAIN",1,-1,1
111.175.221.30,"COM",0,2048,2
111.175.221.22,"COM",0,3299,3
111.102.179.11,"",0,-1,1
110.234.32.69,"COM",0,691,2
110.234.32.69,"ARPA",0,-1,1
110.180.253.224,"COM",0,-1,1
110.163.39.145,"YHGIATUUA",1,-1,1
110.163.39.145,"XPTXUMGC",1,-1,1
110.163.39.145,"WMCUFUAMHIJOHU",1,-1,1
110.163.39.145,"UIMXBKCLEEKKLXM",1,-1,1
110.163.39.145,"PGFHLIVQDKM",1,-1,1
110.163.39.145,"IJQLEKXYFBMU",1,-1,1
110.163.39.145,"GDISIZWBGS",1,-1,1
110.163.39.145,"CN",0,3,8
110.163.39.141,"ZABLKCMOSHB",1,-1,1
110.163.39.141,"UODXFMMF",1,-1,1
110.163.39.141,"RSMQYYTXQ",1,-1,1
110.163.39.141,"REBWKOQPISR",1,-1,1
110.163.39.141,"QTNKLSKIZGLQK",1,-1,1
110.163.39.141,"OESVKRBPS",1,-1,1
110.163.39.141,"LIQOAUURKMWAV",1,-1,1
110.163.39.141,"IJOZBPNNBV",1,-1,1
110.163.39.141,"ETCCSCGHJMUOC",1,-1,1
110.163.39.141,"DRCVOJAEDIQ",1,-1,1
110.163.39.141,"CSDHWIYK",1,-1,1
110.163.39.141,"BCSXZRC",1,-1,1
110.163.39.141,"AHUESNOMR",1,-1,1
110.163.39.141,"ABVLXDOFD",1,-1,1
110.163.39.141,"",0,-1,1
110.163.39.137,"ZUTXYELARNI",1,-1,1
110.163.39.137,"XYPLAOXHRJ",1,-1,1
110.163.39.137,"REYMIRVEOARUK",1,-1,1
110.163.39.137,"QJUJBMHTI",1,-1,1
110.163.39.137,"PHSVTLCDOKIHA",1,-1,1
110.163.39.137,"MINUTDURKE",1,-1,1
110.163.39.137,"LILVFFDI",1,-1,1
110.163.39.137,"KPMCFNJNIEHR",1,-1,1
110.163.39.137,"GPMYDKTIF",1,-1,1
110.163.39.137,"FVRXEBETJXXH",1,-1,1
110.163.39.137,"DPUMLMPI",1,-1,1
110.163.39.137,"BWNZDRSSQ",1,-1,1
110.158.1.195,"YZEOBZDHLPUYQW",1,-1,1
109.170.252.241,"NET",0,182,2
109.170.252.241,"",0,-1,1
109.71.231.38,"QCATQFWTO",1,-1,1
109.71.231.38,"",0,-1,1
109.69.188.221,"",0,-1,1
109.68.238.162,"UUNILBALX",1,-1,1
109.68.238.162,"TQGNWQN",1,-1,1
109.68.238.162,"SKTODOUPKKZY",1,-1,1
109.68.238.162,"",0,-1,1
109.0.65.12,"LOCALHOST",1,-1,1
109.0.65.4,"DANET",1,-1,1
108.193.203.171,"COM",0,-1,1
108.193.203.171,"",0,-1,1
108.178.136.66,"WS",0,-1,1
108.162.236.66,"",0,-1,1
108.162.236.60,"COM",0,-1,1
108.161.248.19,"TOJ",1,-1,1
108.161.248.19,"SYD",1,18887,2
108.161.247.4,"",0,4653,2
108.161.244.53,"NET",0,11097,4
108.161.244.53,"COM",0,4984,4
108.161.244.53,"",0,34630,5
108.30.97.135,"NET",0,158,3
108.30.97.135,"EDU",0,253,4
107.179.35.66,"COM",0,138728,2
107.179.35.66,"",0,-1,1
107.167.2.121,"COM",0,-1,1
107.167.2.120,"COM",0,12690,3
107.167.2.120,"CN",0,-1,1
107.14.19.238,"DDTSQVZHTADSG",1,-1,1
107.14.19.235,"AIRBNB",1,-1,1
106.249.25.224,"NET",0,306,3
106.249.25.224,"",0,-1,1
105.67.10.4,"SCIENCE",0,-1,1
104.244.244.244,"COM",0,6290,2
104.174.104.61,"UA",0,-1,1
104.172.161.22,"ARPA",0,11775,2
104.156.86.23,"NET",0,-1,1
104.156.86.23,"COM",0,347,4
104.156.86.22,"UK",0,-1,1
104.156.86.22,"NET",0,93362,2
104.156.86.22,"COM",0,1,46
104.156.86.21,"COM",0,344,10
104.131.196.228,"UK",0,-1,1
104.131.196.228,"ORG",0,306,2
104.131.196.228,"NET",0,146,2
104.116.243.199,"",0,-1,1
104.42.136.154,"Z",1,-1,1
104.42.136.149,"Z",1,-1,1
104.42.104.57,"Z",1,-1,1
104.42.104.34,"Z",1,-1,1
104.42.104.3,"Z",1,-1,1
104.42.96.50,"Z",1,-1,1
103.245.79.2,"COM",0,126820,2
103.245.79.2,"",0,-1,1
103.233.88.89,"PRNEEWZHWCBK",1,-1,1
103.215.192.15,"LAILAIHOTEL",1,-1,1
103.212.120.121,"RANDOMTLD",1,-1,1
103.71.192.19,"COM",0,-1,1
103.60.217.1,"\032B\163\006",1,-1,1
103.53.77.77,"COM",0,-1,1
103.51.153.82,"NET",0,10227,2
103.51.153.82,"COM",0,4,7
103.35.99.91,"LOCAL",1,-1,1
103.35.99.91,"",0,-1,1
103.29.44.7,"SPACE",0,-1,1
103.29.44.7,"ORG",0,-1,1
103.29.44.7,"NET",0,-1,1
103.29.44.7,"COM",0,41,6
103.14.89.23,"YLIYZLXYTYSNHFU",1,-1,1
103.14.89.23,"UJPQJCITPTWVAKR",1,-1,1
103.14.89.23,"TLSBZXPFJA",1,-1,1
103.14.89.23,"QXFTBCFNTCU",1,-1,1
103.14.89.23,"KASZXWHNNXGLSY",1,-1,1
103.14.89.23,"FDBYSFVFAGWZEFE",1,-1,1
101.226.66.18,"COM",0,-1,1
101.226.66.17,"NET",0,163652,2
101.226.66.17,"FAKE_IMAGE_URL",1,-1,1
101.108.210.115,"BIZ",0,-1,1
100.64.254.1,"NET",0,-1,1
100.64.254.1,"",0,-1,1
99.198.40.67,"ORG",0,-1,1
99.89.125.233,"",0,-1,1
98.103.34.248,"OFFICE",0,-1,1
98.103.34.248,"BMS",0,-1,1
97.79.203.226,"XMGTBBDSXZASUB",1,-1,1
97.79.203.226,"SZTIRBPCDASQGR",1,-1,1
97.79.203.226,"PNUGGSWO",1,-1,1
97.64.168.12,"HOME",1,-1,1
96.84.206.211,"ARPA",0,-1,1
96.82.86.177,"BE",0,-1,1
96.80.163.25,"NET",0,-1,1
96.80.163.25,"",0,-1,1
96.17.98.62,"",0,-1,1
96.17.69.4,"NET",0,-1,1
96.17.69.4,"",0,51232,2
95.173.144.77,"LOCAL",1,-1,1
95.143.172.197,"NET",0,-1,1
95.143.172.197,"ARPA",0,-1,1
95.143.172.143,"ARPA",0,-1,1
95.143.172.13,"NET",0,22348,2
95.143.172.13,"ARPA",0,-1,1
95.143.172.5,"NET",0,-1,1
95.77.45.21,"5587",1,-1,1
95.0.0.99,"216",1,-1,1
94.243.220.98,"WS",0,-1,1
94.230.134.50,"NAME",0,60,7
94.230.134.50,"CO",0,-1,1
94.141.24.94,"LOCAL",1,-1,1
93.171.232.5,"COM",0,-1,1
93.115.110.65,"ARPA",0,30408,3
93.115.110.64,"ARPA",0,-1,1
93.95.82.158,"PVT",1,-1,1
92.223.116.166,"BIND",0,-1,1
92.123.224.86,"MO",0,4544,2
92.123.224.86,"",0,-1,1
92.123.192.168,"",0,-1,1
92.44.82.6,"HOME",1,-1,1
91.239.125.3,"NET",0,-1,1
91.215.220.5,"STZXQVFOF",1,-1,1
91.215.220.5,"MMXQIZPENZZZPDM",1,-1,1
91.215.220.5,"IMHWAQYWPZZCFSD",1,-1,1
91.194.36.187,"LOCALHOST",1,-1,1
89.207.88.178,"RU",0,2005,2
89.207.88.178,"NET",0,-1,1
89.191.240.7,"COM",0,-1,1
89.176.114.128,"DK",0,-1,1
89.140.164.12,"COM",0,-1,1
89.134.46.87,"CYNCMIGU",1,-1,1
88.221.114.92,"",0,-1,1
88.212.8.206,"AHXUFIPDSLEBSG",1,-1,1
88.131.5.41,"COM",0,-1,1
87.237.17.173,"37:58476",1,-1,1
87.139.99.197,"DE",0,-1,1
85.237.39.3,"NET",0,-1,1
85.203.81.170,"INFO",0,-1,1
85.195.64.10,"LOCALDOMAIN",1,0,21
85.195.64.10,"COM",0,7790,3
85.185.95.210,"8",1,-1,1
85.128.134.110,"ORG",0,3363,2
85.128.134.110,"COM",0,-1,1
85.128.134.110,"",0,-1,1
85.114.32.7,"HOME",1,1290,2
85.114.32.7,"CNFWFDHRLUFJXUF",1,-1,1
85.70.64.77,"COM",0,-1,1
85.28.195.60,"YCCUAZDAZB",1,-1,1
85.28.195.60,"KYQURQPDFV",1,-1,1
85.26.165.250,"GSCGAVLCLKZ",1,-1,1
85.26.158.185,"UZ",0,-1,1
85.26.158.185,"JESDPLFZFIGYVXO",1,-1,1
85.26.158.185,"ELJUJRMNSI",1,-1,1
85.14.158.231,"INFO",0,-1,1
84.148.135.43,"BIND",0,-1,1
84.106.83.5,"ARPA",0,-1,1
84.2.227.133,"ZTYVACZPNEMXZEW",1,-1,1
83.236.157.10,"BIND",0,-1,1
83.174.193.182,"HOME",1,7692,2
83.174.193.182,"DLINK",1,1154,3
83.170.113.210,"MK",0,-1,1
83.170.113.210,"FI",0,-1,1
83.170.113.210,"ES",0,64804,2
83.170.113.210,"COM",0,143,5
83.170.113.210,"BE",0,-1,1
83.149.52.16,"ZJYWZZMLGUFFKO",1,-1,1
83.149.52.16,"VMMHQDNSD",1,-1,1
83.149.52.16,"UWBXXHYCRHO",1,-1,1
83.149.52.16,"TPLCEIMGLOAPD",1,-1,1
83.149.52.16,"TMUXXYXCPDJ",1,-1,1
83.149.52.16,"ROTWJVN",1,-1,1
83.149.52.16,"OPFYVQZVJL",1,-1,1
83.149.52.16,"NNDQTYTUOI",1,-1,1
83.149.52.16,"NGPVYSIPUOORRWM",1,-1,1
83.149.52.16,"LOCAL",1,-1,1
83.149.52.16,"KJMLNWIANY",1,-1,1
83.149.52.16,"KBQMOWIN",1,-1,1
83.149.52.16,"IWSCFII",1,-1,1
83.149.52.16,"HNYWOWXEDBIFG",1,-1,1
83.149.52.16,"FVZSXBWD",1,-1,1
83.149.52.16,"FJKXQQQSJICI",1,-1,1
83.149.52.16,"EGZCAWYRXOCY",1,-1,1
83.149.52.16,"DUYCERSVYMP",1,-1,1
83.149.52.16,"DFYCYHJIHZHANC",1,-1,1
83.149.52.16,"DFBVMRVEHSOBFXM",1,-1,1
83.149.52.16,"CKKMQQQGLDAFNKZ",1,-1,1
83.149.52.16,"",0,-1,1
82.225.173.248,"COM",0,-1,1
82.213.0.42,"COM",0,-1,1
82.201.220.211,"EG",0,-1,1
82.160.24.7,"7",1,-1,1
82.160.24.7,"354",1,-1,1
82.160.24.7,"246",1,-1,1
82.160.24.7,"141",1,-1,1
82.160.24.7,"102",1,-1,1
82.160.24.7,"015",1,-1,1
82.160.24.7,"",0,-1,1
82.135.18.56,"ARPA",0,-1,1
82.77.157.2,"NET",0,-1,1
82.77.157.2,"KPEEYKBFCVVNAC",1,-1,1
82.77.157.2,"JUYWDKLUJVTEYJ",1,-1,1
82.77.157.2,"IZAIRXGBIIMXPD",1,-1,1
82.77.157.2,"HUWMWXDH",1,-1,1
82.77.157.2,"COM",0,22832,2
82.77.157.2,"CH",0,-1,1
82.77.157.2,"CCRHBBKZBZGD",1,-1,1
82.77.157.2,"",0,-1,1
82.76.242.224,"COM",0,-1,1
81.171.61.32,"COM",0,-1,1
81.171.61.32,"CH",0,-1,1
81.134.164.109,"HOME",1,-1,1
81.47.231.134,"HOMESTATION",1,-1,1
81.20.240.33,"RUN",0,-1,1
80.193.131.100,"COM",0,-1,1
80.149.108.69,"DE",0,-1,1
80.93.123.32,"372",1,-1,1
80.83.239.131,"ORIKEIGO",1,-1,1
80.78.66.66,"012",1,-1,1
80.67.67.50,"ARPA",0,-1,1
80.58.184.147,"KMGVVZVRDHLTTAN",1,-1,1
80.58.184.146,"LOCAL",1,-1,1
80.58.184.146,"HOMESTATION",1,-1,1
80.58.184.15,"HOMESTATION",1,-1,1
80.58.184.14,"DSL-100HN-T1V4",1,-1,1
80.54.111.254,"COM",0,-1,1
79.211.71.222,"NET",0,-1,1
79.96.241.134,"AE",0,-1,1
79.96.241.87,"SERWER1606082",1,-1,1
78.85.0.40,"NET",0,-1,1
78.85.0.40,"HOME",1,-1,1
78.85.0.36,"LOPPHDUDVQOOG",1,-1,1
78.64.125.250,"COM",0,-1,1
77.106.178.138,"ARPA",0,-1,1
77.75.79.85,"NET",0,311,9
77.75.79.85,"COM",0,-1,1
77.75.79.84,"NET",0,2,9
77.75.78.160,"NET",0,-1,1
77.75.77.85,"NET",0,1,16
77.75.77.85,"COM",0,-1,1
77.75.77.84,"NET",0,1698,16
77.75.76.165,"COM",0,-1,1
77.73.176.139,"COM",0,-1,1
77.73.176.139,"BR",0,-1,1
77.65.77.69,"077",1,-1,1
76.96.15.81,"CORP",1,-1,1
76.96.15.81,"ABOVENET",1,-1,1
76.96.15.81,"1DU-U6098452F-C233-S1495509889-I00000000-APNIC-TEST",1,-1,1
76.96.15.69,"YGXJAYQKPXA",1,-1,1
76.96.15.69,"JULIWPEVWMQ",1,-1,1
76.96.15.69,"ECVTYUFPO",1,-1,1
76.73.236.156,"ORG",0,-1,1
76.73.236.156,"BIZ",0,-1,1
76.73.236.156,"",0,-1,1
76.14.0.8,"NET",0,513,2
75.148.141.137,"\131",1,-1,1
75.114.89.233,"LAN",1,-1,1
75.114.89.228,"&EVENTTYPE=CLOSE&REASON=5&DURATION=8520",1,-1,1
75.114.82.9,"HBFSNBB",1,-1,1
75.114.82.3,"INVALID",1,-1,1
75.76.84.102,"MUMAYFGN",1,-1,1
74.125.183.80,"IMMO",0,-1,1
74.125.183.67,"HHSMINQECX",1,-1,1
74.125.183.36,"AIDZRIYQQN",1,-1,1
74.125.181.8,"\232\194\183\002\024\179\185\002",1,-1,1
74.125.80.11,"ZXYKFQRELTPR",1,-1,1
74.125.80.8,"ARRIS",1,-1,1
74.125.80.1,"CGY20180",1,-1,1
74.125.76.32,"XX",1,-1,1
74.125.76.32,"DO",0,-1,1
74.125.76.8,"VNAWATIR",1,-1,1
74.125.76.3,"FWBWROTOVKWDVHT",1,-1,1
74.125.76.1,"DF1-NEXMARK-STREAMING-LOA-05222023-899A-HARNESS-CDR0",1,-1,1
74.125.75.82,"218",1,-1,1
74.125.73.79,"BBT",0,-1,1
74.125.73.78,"333",1,-1,1
74.112.41.242,"CN",0,-1,1
74.50.216.1,"COM",0,-1,1
74.50.216.1,"",0,-1,1
74.7.78.142,"COM",0,99635,2
73.248.92.106,"",0,-1,1
73.149.212.244,"LAN",1,-1,1
73.14.177.3,"",0,-1,1
72.253.63.208,"COM",0,231,4
72.253.63.208,"",0,-1,1
72.183.81.46,"FIIFYUDPAXV",1,70484,2
72.183.81.46,"DAJHDFEIXC",1,-1,1
72.183.81.45,"COUVXAERC",1,-1,1
72.183.81.44,"TUTJXVAVF",1,-1,1
72.183.81.44,"TIHEPCMKPYS",1,-1,1
72.183.81.44,"HDKDHEHTW",1,-1,1
72.183.81.43,"WTSITTON",1,-1,1
72.183.81.41,"QKKMUDPYRP",1,-1,1
72.183.81.41,"LAN",1,-1,1
72.183.81.39,"TLYHPSMHFRAQD",1,-1,1
72.183.81.39,"LOCAL",1,-1,1
72.183.81.39,"CDSCCLEB",1,-1,1
72.183.81.38,"XLHKKUWU",1,-1,1
72.183.81.37,"RBTBZAMPJY",1,-1,1
72.183.81.37,"INTRA",1,-1,1
72.183.81.35,"STIWMUOYXZ",1,-1,1
72.183.81.35,"QWBRCIVURWAWB",1,-1,1
72.183.81.35,"BLBEWIM",1,-1,1
72.167.234.104,"CN",0,-1,1
72.167.234.104,"",0,-1,1
72.143.39.250,"CLUB",0,-1,1
72.45.253.34,"CN",0,144,4
72.45.253.34,"",0,-1,1
72.20.155.23,"19\251\142\255\127",1,5,5
72.14.225.129,"SH",0,-1,1
72.14.225.129,"RU",0,-1,1
71.190.161.140,"INTEL",0,-1,1
70.196.144.142,"NET",0,-1,1
70.169.32.138,"NET",0,-1,1
70.106.247.28,"NET",0,-1,1
70.106.247.28,"",0,-1,1
70.61.172.74,"NET",0,-1,1
70.30.43.237,"",0,-1,1
69.252.228.139,"YYOBKBLB",1,-1,1
69.252.200.9,"ZTLPUKDZOTLGZQW",1,-1,1
69.252.200.9,"PVT",1,-1,1
69.252.200.9,"LOCAL",1,28648,3
69.252.200.5,"LOCAL",1,-1,1
69.252.200.1,"WWVPBQNYLHRNJB",1,-1,1
69.252.200.1,"RHQBQLH",1,-1,1
69.252.200.1,"LOCALHOST",1,-1,1
69.252.200.1,"LAP1EEFC",1,-1,1
69.252.200.1,"HBPFEJJ",1,-1,1
69.252.200.1,"CORP",1,10585,2
69.241.95.87,"INVALID",1,-1,1
69.241.21.36,"OPBKAUKSYP",1,-1,1
69.241.21.36,"INTRANET",1,-1,1
69.241.21.35,"NLCDVFNMUBOWD",1,-1,1
69.241.21.35,"JPFHLPEBE",1,-1,1
69.241.21.35,"HZFMYXR",1,-1,1
69.241.21.35,"HYHUDCIK",1,-1,1
69.241.21.35,"DSXOJQNBDJS",1,-1,1
69.241.21.35,"BELKIN",1,-1,1
69.241.21.34,"KJJBJKIJTTWVAXP",1,-1,1
69.241.21.34,"JPFHLPEBE",1,-1,1
69.241.21.34,"INTRANET",1,-1,1
69.241.21.34,"BELKIN",1,-1,1
69.205.192.75,"",0,-1,1
69.176.62.131,"NET",0,1194,4
69.176.62.131,"",0,-1,1
69.167.129.137,"BID",0,-1,1
69.63.188.96,"FTW1",1,-1,1
69.35.204.197,"COM",0,2,4
69.13.54.167,"NET",0,-1,1
69.1.30.43,"BELKIN",1,-1,1
69.1.30.42,"OVERSTOCK",1,-1,1
68.196.114.236,"COM",0,-1,1
68.114.45.69,"AVJPTUQAYEOFBBG",1,-1,1
68.114.45.68,"LGYMEGKYUAKSWGP",1,-1,1
68.114.45.68,"CBCYNHLAHVNTXB",1,-1,1
68.114.45.66,"ESR9752",1,-1,1
68.114.45.66,"AGDFODTK",1,-1,1
68.114.44.7,"LOCAL",1,-1,1
68.114.44.7,"JDUGKBCCX",1,-1,1
68.105.29.110,"YBPCHXNB",1,-1,1
68.105.29.110,"UIMQWAMYDUE",1,-1,1
68.105.29.110,"OWGJPRFL",1,-1,1
68.105.29.110,"NWGFQIOFWJYH",1,-1,1
68.105.29.110,"MTAPAYMWRUWBGGB",1,-1,1
68.105.29.110,"LUCDMAVZCGXQJO",1,-1,1
68.105.29.110,"LOCAL",1,-1,1
68.105.29.110,"HXYUNBVP",1,-1,1
68.105.29.110,"CRDIMNYWVF",1,-1,1
68.105.29.110,"CORP",1,-1,1
68.105.29.110,"BELKIN",1,-1,1
68.105.29.108,"YVEUNQMN",1,-1,1
68.105.29.108,"LOCAL",1,170094,2
68.105.29.108,"LCIBZZQWERBCN",1,-1,1
68.105.29.108,"EQMETOMI",1,-1,1
68.105.29.108,"BOQTLRZKAYDHX",1,-1,1
68.105.28.235,"PRIVATE",1,-1,1
68.105.28.235,"PBGTKLJ",1,-1,1
68.105.28.235,"LOCAL",1,-1,1
68.105.28.235,"INVALID",1,-1,1
68.105.28.235,"@\217\207",1,-1,1
68.105.28.205,"XBMGLTTTVWU",1,-1,1
68.105.28.46,"LOCAL",1,-1,1
68.105.28.43,"YTHLXZCHEPDSJJE",1,-1,1
68.105.28.43,"XATPBZOAXWI",1,-1,1
68.105.28.43,"WZOFFVKIBPFG",1,-1,1
68.105.28.43,"LBQPEJSGACQ",1,-1,1
68.105.28.43,"JPDGWYAWUNBIS",1,-1,1
68.105.28.43,"GILMORE",1,-1,1
68.105.28.43,"BELKIN",1,6998,4
68.28.169.137,"CWSDWRDGGICGCNH",1,-1,1
68.28.168.137,"AADRZRLZJ",1,-1,1
68.28.137.137,"NPNRNWNMWHFZ",1,-1,1
68.28.104.137,"SEJBOJCXYOU",1,-1,1
68.28.104.135,"TBZRYQXWND",1,-1,1
68.28.68.137,"JGVVVJWAZP",1,-1,1
68.28.68.135,"THQNFLJPHXEXTPR",1,-1,1
68.28.68.135,"CJAQGJMLHCWSLE",1,-1,1
68.28.67.137,"PHCXARHJHPEZ",1,-1,1
68.28.34.137,"IYRLLPREVR",1,-1,1
67.231.208.235,"AGMWILWTRTQ",1,-1,1
67.231.208.230,"LOCAL",1,-1,1
67.231.208.229,"HOME",1,78533,2
67.231.208.228,"\160\249\224\001",1,-1,1
67.231.208.170,"HOME",1,-1,1
67.231.208.169,"HOME",1,-1,1
67.231.208.165,"LOCAL",1,-1,1
67.218.81.98,"\240\204A\001",1,-1,1
67.215.191.148,"COMG",1,-1,1
67.215.191.146,"COM",0,0,2
67.215.191.143,"CN",0,2627,2
67.215.86.21,"EDEFUFYXDY",1,-1,1
67.215.86.17,"1",1,-1,1
67.215.86.15,"JCAPPYCFSZ",1,-1,1
67.215.86.11,"LOCAL",1,-1,1
67.215.83.19,"NET",0,-1,1
67.215.83.17,"CCH331-B20SN32",1,-1,1
67.215.83.15,"@\190N\001",1,-1,1
67.215.82.19,"LOCALHOST",1,-1,1
67.215.82.15,"JTRQZAFXC",1,-1,1
67.215.82.11,"DBVJLEHGUODU",1,-1,1
67.215.80.21,"COM",0,-1,1
67.215.80.19,"HOTEL",1,1451,2
67.215.80.18,"@\024\019\002\208\234\018\002\001",1,-1,1
67.215.80.17,"TORNEGYQDP",1,-1,1
67.215.80.15,"IHOJEUZJPXK",1,-1,1
67.215.80.14,"ENTERPRISE",1,-1,1
67.215.80.11,"LAN",1,-1,1
67.215.21.202,"BELKIN",1,-1,1
67.213.225.100,"HOME",1,-1,1
67.195.93.159,"NET",0,-1,1
67.195.93.159,"",0,-1,1
67.195.93.154,"EU",0,744,2
67.131.152.21,"NET",0,20,4
67.131.152.21,"",0,-1,1
67.77.206.200,"NET",0,-1,1
67.77.206.200,"",0,-1,1
67.77.62.2,"COM",0,485,2
66.249.84.31,"COM",0,-1,1
66.249.79.119,"JP",0,-1,1
66.249.73.19,"BR",0,-1,1
66.249.69.124,"CZ",0,-1,1
66.249.64.165,"CH",0,-1,1
66.233.165.27,"CWB-0-1360091",1,-1,1
66.220.22.130,"\016\183\169\001\160\202\169\001",1,-1,1
66.210.12.1,"ARPA",0,-1,1
66.193.176.41,"NET",0,-1,1
66.182.71.158,"COM",0,-1,1
66.182.71.158,"",0,-1,1
66.135.223.61,"COM",0,8,4
66.117.235.122,"NET",0,-1,1
66.115.95.159,"NET",0,-1,1
66.102.8.8,"COM",0,-1,1
66.102.6.112,"COM",0,-1,1
66.102.6.24,"COM",0,-1,1
66.94.6.182,"NTWTCBUF",1,-1,1
66.91.158.82,"NET",0,-1,1
66.91.158.82,"",0,-1,1
66.76.150.177,"LOCAL",1,-1,1
66.76.150.1,"AQVEXPJE",1,-1,1
66.75.223.166,"ILOEXJDRGAWXUS",1,-1,1
66.75.223.165,"012",1,-1,1
66.75.223.133,"TZUQVRWCOKD",1,-1,1
66.75.223.131,"IVWBVQGBI",1,-1,1
66.75.177.78,"MHC",1,-1,1
66.75.177.76,"ROOT",1,-1,1
66.75.177.76,"MKDMQWZ",1,-1,1
66.75.177.75,"DTI",1,-1,1
66.75.177.75,"CORP",1,-1,1
66.75.177.70,"VQDTLJEFC",1,-1,1
66.75.177.70,"GONAUWZJX",1,-1,1
66.75.177.70,"DJSDEPBG",1,-1,1
66.75.177.11,"XHTDHBVKZSOAXV",1,-1,1
66.75.177.11,"LMTOOKYOU",1,-1,1
66.75.177.11,"KWTLJWUF",1,-1,1
66.75.177.11,"HVSOZYVNQQM",1,-1,1
66.75.177.11,"GRUJNMICRIR",1,-1,1
66.75.177.11,"GCILRUFJTLPJ",1,-1,1
66.75.177.10,"SPNHAJUANLO",1,-1,1
66.75.177.10,"KFHBKJNZ",1,-1,1
66.75.177.10,"JQTZFYKPRL",1,-1,1
66.75.177.10,"IZJANHUEB",1,-1,1
66.75.177.10,"FNREXUCNAOOSFO",1,-1,1
66.75.177.10,"CKJDHJCYAPQMA",1,-1,1
66.75.177.10,"CETFXSWOKIDECIC",1,-1,1
66.75.177.10,"ATGOSHKJJF",1,-1,1
66.75.177.10,"302",1,-1,1
66.75.177.10,"236",1,-1,1
66.75.177.7,"IOYEFBPWDJS",1,-1,1
66.75.177.4,"EFBFZZSL",1,-1,1
66.54.116.4,"ITYKLYOVSRQRVQ",1,-1,1
66.42.244.162,"COM",0,1150,2
66.33.216.104,"KZ",0,-1,1
66.32.254.9,"TMLXQGL",1,-1,1
66.26.167.54,"NET",0,-1,1
66.1.124.135,"VPFKEZFQDGBPJ",1,-1,1
66.1.120.135,"QDUMYSFPMIGCE",1,-1,1
66.1.116.135,"SFQKHTLQP",1,-1,1
66.1.76.141,"XJKMLOLUMMCOFN",1,-1,1
66.1.76.139,"HKGWSST",1,-1,1
66.1.76.135,"GGZFKHSRLNJFN",1,-1,1
66.1.60.139,"UHYNEIHRIPEOY",1,-1,1
66.1.32.139,"UOPRLMVWYJTGKV",1,-1,1
66.1.32.139,"PKGJGSLKDLB",1,-1,1
66.1.32.135,"GRCELAMFD",1,-1,1
66.1.28.139,"LOASQHUKK",1,-1,1
66.1.16.141,"KVWCKPGOAQXMX",1,-1,1
66.1.16.139,"MWCDWHA",1,-1,1
66.1.16.137,"OWRKNVCKOULVXNB",1,-1,1
65.154.18.242,"210",1,-1,1
65.154.18.242,"",0,-1,1
65.121.159.105,"COM",0,2739,3
65.121.159.105,"",0,-1,1
65.55.37.40,"COMTODO-LISTO-PARA-MODA-MEXICANA",1,-1,1
65.55.37.40,"BLOGSPAT",1,-1,1
65.55.37.39,"HTML",1,-1,1
65.55.37.38,"0X005A28",1,-1,1
65.55.37.36,"HTM",1,-1,1
65.55.29.56,"NEO",1,3247,5
65.48.146.2,"ZMUPMDMW",1,-1,1
65.48.146.2,"SYFNEDKZYWU",1,-1,1
65.48.146.2,"AXHAKFTIJOGZZG",1,-1,1
65.38.162.10,"NL",0,-1,1
65.24.26.45,"GPRIVSLXK",1,-1,1
65.24.26.45,"ERZDKALOJ",1,-1,1
65.24.26.44,"LOCAL",1,-1,1
65.24.26.43,"ZIMWHYHUO",1,-1,1
65.24.26.38,"WKNUCPIYCYTBW",1,-1,1
65.24.26.38,"&EVENTTYPE=CLOSE&REASON=5&DURATION=4899",1,-1,1
65.24.26.38,"&EVENTTYPE=CLOSE&REASON=3&DURATION=333",1,-1,1
65.24.26.37,"GZVKDYI",1,-1,1
65.24.5.238,"EVMIJWE",1,-1,1
65.24.5.236,"NUXBYXYEEPK",1,-1,1
65.24.5.236,"FPBZXIVGDUTRJUE",1,-1,1
65.24.5.236,"EVMIJWE",1,-1,1
65.24.5.233,"QVGCMZSWQXTNZF",1,-1,1
65.24.5.231,"MZPXGYVTQ",1,-1,1
65.24.5.231,"LOCAL",1,-1,1
65.24.5.231,"HGFEGXJJMV",1,-1,1
65.24.5.230,"SQTKEWNEJNEBJWZ",1,-1,1
65.24.5.227,"BELKIN",1,-1,1
65.19.176.2,"PABYKVVOYHOAQ",1,-1,1
65.19.176.2,"HUQLSHQLMI",1,-1,1
64.237.30.163,"HOME",1,-1,1
64.237.30.162,"XHFSWOAPHJAE",1,-1,1
64.237.30.162,"TMRXKREKSF",1,-1,1
64.209.132.8,"20",1,2,2
64.194.64.42,"CN",0,75,2
64.194.64.42,"",0,-1,1
64.184.193.2,"COM",0,-1,1
64.183.74.162,"CO",0,-1,1
64.134.218.98,"",0,-1,1
64.132.88.21,"EDU",0,-1,1
64.129.67.122,"NET",0,6447,2
64.129.67.122,"BG",0,-1,1
64.128.111.210,"\144D\249",1,111,2
64.119.51.184,"INFO",0,-1,1
64.119.32.101,"LOCAL",1,-1,1
64.119.0.4,"AU",0,-1,1
64.114.70.226,"TELUS",1,-1,1
64.114.70.225,"VN",0,-1,1
64.114.70.225,"TELUS",1,-1,1
64.103.26.57,"COM",0,-1,1
64.60.105.2,"DOWNEY-INET",1,-1,1
64.56.129.3,"NET",0,-1,1
64.56.129.3,"COM",0,-1,1
64.50.236.200,"LOCAL",1,648,3
64.50.236.200,"HOME",1,1830,3
64.49.162.6,"NET",0,-1,1
64.30.227.228,"EDU",0,594,2
64.30.227.228,"",0,-1,1
64.4.15.92,"",0,-1,1
64.4.15.86,"",0,-1,1
63.218.44.186,"NET",0,-1,1
63.144.80.8,"NET",0,-1,1
63.130.182.53,"NETMONITOR",1,-1,1
63.130.182.53,"LOCAL",1,-1,1
63.130.182.53,"HOME",1,-1,1
63.128.21.9,"COM",0,-1,1
62.216.150.20,"\2165\216",1,3847,3
62.201.210.62,"377",1,-1,1
62.201.210.62,"373",1,-1,1
62.201.210.62,"355",1,-1,1
62.201.210.62,"353",1,-1,1
62.201.210.62,"323",1,-1,1
62.201.210.62,"301",1,-1,1
62.201.210.62,"274",1,-1,1
62.201.210.62,"264",1,-1,1
62.201.210.62,"254",1,-1,1
62.201.210.62,"232",1,-1,1
62.201.210.62,"230",1,-1,1
62.201.210.62,"216",1,-1,1
62.201.210.62,"211",1,-1,1
62.201.210.62,"203",1,-1,1
62.201.210.62,"176",1,-1,1
62.201.210.62,"173",1,-1,1
62.201.210.62,"136",1,-1,1
62.201.210.62,"120",1,-1,1
62.201.210.62,"116",1,-1,1
62.201.210.62,"073",1,-1,1
62.201.210.62,"053",1,-1,1
62.201.210.62,"031",1,-1,1
62.201.210.62,"021",1,-1,1
62.182.60.71,"NET",0,10436,3
62.179.14.197,"133:51239",1,-1,1
62.159.88.146,"DE",0,276,2
62.149.176.16,"EU",0,-1,1
62.112.98.58,"WJOXRDZ",1,-1,1
62.112.98.58,"VANZAVBAHKTJ",1,-1,1
62.112.98.58,"UBUOWDCFCKRZRJX",1,-1,1
62.112.98.58,"SWVEKKIJ",1,-1,1
62.112.98.58,"SRJTISK",1,-1,1
62.112.98.58,"SKYPOZKULZUQVLG",1,-1,1
62.112.98.58,"LHSZBVYPYJTT",1,-1,1
62.112.98.58,"JWKJZCORBQF",1,-1,1
62.112.98.58,"HOME",1,-1,1
62.112.98.58,"FIECIJQ",1,-1,1
62.112.98.58,"CRATFGYSO",1,-1,1
62.112.98.58,"CPUMBJEVQELTNK",1,-1,1
62.112.98.58,"COM",0,2508,2
62.112.98.58,"BFWLICKZMMYF",1,-1,1
62.112.98.58,"AKZOFLHMWOJ",1,-1,1
62.112.98.58,"",0,-1,1
62.106.13.177,"BIND",0,-1,1
61.220.10.216,"",0,-1,1
61.220.9.186,"NET",0,44,8
61.220.9.186,"JGQYHVFZPL",1,-1,1
61.220.9.186,"COM",0,2033,4
61.220.9.186,"",0,-1,1
61.220.8.174,"IN",0,398,2
61.220.8.174,"COM",0,22104,2
61.206.120.185,"TEST",1,-1,1
61.188.16.150,"OMAIPNEV",1,-1,1
61.188.16.150,"DHCP HOST",1,352,3
61.188.16.146,"LAN",1,-1,1
61.188.16.142,"ZBQAJAEUGM",1,-1,1
61.188.16.142,"HOME",1,-1,1
61.188.16.142,"DTHHOGJK",1,-1,1
61.188.16.138,"ZHAOYISIMANAI",1,-1,1
61.188.16.138,"DHCP",1,-1,1
61.188.16.138,"BLINKAP",1,-1,1
61.188.16.102,"CHANGHONG",1,-1,1
61.188.16.98,"DHCP HOST",1,-1,1
61.188.16.94,"HOME",1,-1,1
61.188.16.94,"DHCP HOST",1,119409,2
61.188.16.90,"HOME",1,60654,2
61.188.16.90,"DHCP HOST",1,127041,2
61.188.16.90,"CHANGHONGAP",1,-1,1
61.184.90.167,"NET",0,-1,1
61.178.16.79,"COM",0,-1,1
61.164.7.73,"COM",0,116599,2
61.164.7.73,"CN",0,15636,2
61.164.7.73,"",0,124056,2
61.164.7.72,"COM",0,346,6
61.164.7.72,"",0,170926,2
61.163.252.166,"WORKGROUP",1,-1,1
61.163.252.166,"LOCAL",1,-1,1
61.163.252.166,"DHCP",1,8138,4
61.163.252.146,"TOTOLINK",1,-1,1
61.163.252.146,"RRJCVGAZJLG",1,-1,1
61.163.252.146,"QGAXURVOTPYUKLA",1,-1,1
61.163.252.146,"ITDCGQHHGAJYZPH",1,-1,1
61.163.252.134,"RQSEUNJDRTK",1,-1,1
61.163.252.134,"ROUTER",1,-1,1
61.163.252.134,"FANQIANQIANDE-IPAD",1,-1,1
61.163.252.134,"DHCP HOST",1,-1,1
61.163.252.134,"DHCP",1,-1,1
61.163.252.134,"CPILNLSPOOZ",1,-1,1
61.163.252.134,"BCDEFMM",1,-1,1
61.163.252.130,"DHCP HOST",1,-1,1
61.163.252.38,"WORKGROUP",1,-1,1
61.163.252.38,"LOCALDOMAIN",1,5241,2
61.163.252.38,"GAOKEAP",1,-1,1
61.163.252.38,"DHCP HOST",1,-1,1
61.163.252.38,"DHCP",1,3893,2
61.154.39.225,"COM",0,-1,1
61.153.177.178,"NET",0,-1,1
61.153.177.178,"LOCALDOMAIN",1,-1,1
61.153.177.178,"IPHONESE",1,-1,1
61.153.177.178,"HOME",1,-1,1
61.153.177.178,"DHCP HOST",1,1895,4
61.153.177.178,"DHCP",1,45279,3
61.153.177.178,"COM",0,6739,5
61.153.177.178,"BREAK;",1,-1,1
61.153.177.178,"ARRAY(1\0442\0443\0444\0445\0446\0447)\044",1,-1,1
61.153.41.130,"ZVS",1,-1,1
61.153.41.130,"NET",0,-1,1
61.153.41.130,"COM",0,6,26
61.153.41.130,"CN",0,35848,2
61.153.41.130,"",0,-1,1
61.152.106.163,"X\1854\001\160\137\234\001",1,-1,1
61.140.11.217,"ZOKSXGMPSIXI",1,-1,1
61.140.11.217,"LOCAL",1,14053,2
61.140.11.217,"HOME",1,-1,1
61.140.11.217,"FIRM",1,-1,1
61.140.11.166,"WORKGROUP",1,-1,1
61.140.11.166,"URRHDHB",1,-1,1
61.140.11.166,"IUMBMHEV",1,-1,1
61.139.113.166,"SICHUANXINHUA",1,-1,1
61.139.113.158,"DHCP HOST",1,-1,1
61.139.113.102,"ENRSMBUV",1,-1,1
61.139.113.98,"DHCP HOST",1,-1,1
61.139.113.94,"NJSQ",1,-1,1
61.139.73.169,"COM",0,-1,1
61.136.173.142,"COM",0,-1,1
61.93.89.94,"LOCALDOMAIN",1,-1,1
61.50.244.19,"NET",0,49,3
61.50.244.19,"149",1,-1,1
60.199.20.182,"XPHMGTDBWJONT",1,-1,1
60.199.20.182,"VTRLHXO",1,-1,1
60.199.20.182,"PSNSTJFA",1,-1,1
60.199.20.182,"NJNMRSEUHAY",1,-1,1
60.199.20.182,"MLRLTVL",1,-1,1
60.199.20.182,"KNZJSHNK",1,-1,1
60.199.20.182,"GYPSXME",1,-1,1
60.199.20.182,"GADGKRYCISXFU",1,-1,1
60.199.20.182,"ARMZVQJBGBCHP",1,-1,1
60.199.20.182,"103",1,-1,1
60.12.215.244,"",0,-1,1
60.2.15.132,"ARPA",0,-1,1
59.172.106.142,"COM",0,-1,1
59.151.123.72,"CN",0,-1,1
59.61.86.18,"COM",0,-1,1
59.61.86.18,"",0,-1,1
59.51.78.236,"ZHOULEIDE-IPAD",1,-1,1
59.51.78.236,"DISKLESSDOMAIN",1,-1,1
59.51.78.236,"DHCP",1,-1,1
59.51.78.236,"BAICAIO",1,-1,1
59.49.49.66,"ARPA",0,-1,1
59.45.87.195,"COM",0,9,8
59.45.87.195,"CN",0,193,2
58.246.36.90,"NET",0,67,6
58.241.38.72,"EU",0,-1,1
58.240.57.50,"H)\179\0028\230\171\002",1,4836,2
58.240.57.42,"LOCAL",1,-1,1
58.240.57.42,"DHCP HOST",1,6244,3
58.240.57.42,"ASUS",1,-1,1
58.240.57.42,"6=>ARRAY(\034AREANAME\034=>\034\228\184\156\229\140\151\034\044\034PROVINCES\034=>ARRAY(24\0447\04427))\044",1,-1,1
58.240.57.42,"23-340683F0",1,-1,1
58.240.56.46,"DHCP HOST",1,-1,1
58.65.179.68,"COM",0,-1,1
58.60.188.178,"COM",0,-1,1
58.52.202.130,"COM",0,-1,1
58.22.97.162,"COM",0,-1,1
58.17.66.4,"COM",0,-1,1
57.79.10.142,"\2165\216",1,8,4
54.215.172.77,"RO",0,35904,4
54.183.102.168,"SL",0,-1,1
54.153.123.241,"INTERNAL",1,-1,1
54.92.61.94,"WN7RYRIIAT59KZ0CBRHIDMLASEFTTAFP",1,-1,1
54.77.29.173,"RBL",1,-1,1
54.71.67.227,"KE",0,-1,1
54.68.123.193,"ES",0,-1,1
52.192.75.82,"COM",0,-1,1
52.192.69.185,"SUBSTRATE",1,-1,1
52.190.136.21,"Z",1,-1,1
52.190.136.15,"Z",1,-1,1
52.182.128.26,"Z",1,142925,2
52.182.128.25,"Z",1,-1,1
52.182.128.24,"Z",1,-1,1
52.182.128.23,"Z",1,-1,1
52.94.38.35,"",0,-1,1
52.89.148.182,"IP-10-202-2-36",1,-1,1
52.89.98.12,"44",1,-1,1
52.88.124.50,"EDI",1,-1,1
52.43.18.40,"NSA",1,153,2
52.41.30.202,"INTERNAL",1,-1,1
52.36.158.33,"COM",0,-1,1
52.27.255.205,"COMPOUPOUSSE",1,-1,1
52.15.201.251,"ROI6HC2F1ICFZSGGMO7EICR6YDQ46MKM",1,-1,1
52.14.242.106,"ZYSZ67OA2RUZFMPA5GDCX5IDWOFK9BCB",1,-1,1
50.206.99.3,"ORG",0,154,2
50.198.89.37,"",0,-1,1
50.83.21.39,"ORG",0,-1,1
50.64.124.252,"BIND",0,-1,1
49.158.22.29,"COM",0,-1,1
49.106.193.92,"COM",0,-1,1
49.104.254.159,"YXQWBSSQP",1,-1,1
49.104.254.159,"WWELADCPKZGEG",1,-1,1
49.104.254.159,"WBPGURFMGT",1,-1,1
49.104.254.159,"ULBRZXLYMWYODEV",1,-1,1
49.104.254.159,"MZOWYCGGG",1,-1,1
49.104.254.159,"LOCAL",1,-1,1
49.104.254.159,"KRDSRGAUKEOY",1,-1,1
49.98.32.153,"MPMTKDZTCDAOA",1,-1,1
49.98.32.153,"BMMMFMELA",1,-1,1
49.98.32.145,"YPFWVQQEQEBMCYC",1,-1,1
49.98.32.145,"UTGAYYQL",1,-1,1
49.98.32.145,"LOCAL",1,-1,1
49.98.32.145,"IYXOIVMFUG",1,-1,1
49.98.32.145,"IQTGXZKWNE",1,-1,1
49.98.32.145,"IFXFUSLKTAB",1,-1,1
49.98.32.145,"IERPAUQROXS",1,-1,1
49.98.32.145,"EQPCHAKCO",1,-1,1
49.98.32.145,"CKURJFBUWEAMJN",1,-1,1
49.97.86.161,"YMMOPGERKXA",1,-1,1
49.97.86.161,"XVJWKQDRCMJ",1,-1,1
49.97.86.161,"XNKCEZUNHO",1,-1,1
49.97.86.161,"UPLDWZRLRXNOWP",1,-1,1
49.97.86.161,"QMQNCANENM",1,-1,1
49.97.86.161,"OYCBSYRX",1,-1,1
49.97.86.161,"MLCYICEE",1,-1,1
49.97.86.161,"MJIWWCAAALFIH",1,-1,1
49.97.86.161,"KXWIHDR",1,-1,1
49.97.86.161,"HDYAZOQ",1,-1,1
49.97.86.161,"FWXPFLY",1,-1,1
49.97.86.151,"XNAPVTDPKZ",1,-1,1
49.97.86.151,"WCUIWBLEVY",1,-1,1
49.97.86.151,"VUQBPTQKIP",1,-1,1
49.97.86.151,"KMGHWWLW",1,-1,1
49.97.86.151,"KAOSWDCTUZVOMKR",1,-1,1
49.97.86.151,"JOYPGKJVWLSPPRA",1,-1,1
49.97.86.151,"JDECAPFZHXP",1,-1,1
49.97.86.151,"IZMIBYAXLPD",1,-1,1
49.97.86.151,"CGRVHCKGYEPGUFT",1,-1,1
49.97.86.151,"BGCGOYZCMN",1,-1,1
49.97.86.151,"BAGCXOHLWKCI",1,-1,1
49.97.86.151,"ANNOBUQBPE",1,-1,1
49.45.2.20,"VLSEMSKXQXU",1,-1,1
49.45.1.228,"UCUYFQGSBHXTZ",1,-1,1
49.45.1.228,"OCDMSZCA",1,-1,1
49.45.1.228,"MXYMKWSQW",1,-1,1
49.45.1.227,"ZXSJGRRPCXD",1,-1,1
49.45.1.227,"GYJWDGNYP",1,-1,1
49.45.1.227,"CNHHOPKXYU",1,-1,1
49.45.1.226,"IQNRMLNREU",1,-1,1
49.45.1.226,"IDBFFVINI",1,-1,1
49.45.1.226,"HYZFRKFQLWTSC",1,-1,1
49.45.1.226,"FRQNVWNCENXMV",1,-1,1
49.45.1.212,"QWXLXRN",1,-1,1
49.45.1.212,"MWNRVPMIULLJ",1,-1,1
49.45.1.212,"DPKBBCWLYEPQQB",1,-1,1
49.45.1.211,"ZDVTXVS",1,-1,1
49.45.1.211,"FEBEVXSQRJFZBY",1,-1,1
49.45.1.211,"EAMEKURD",1,-1,1
49.45.1.211,"BHNMDKRGDUJFA",1,-1,1
49.45.1.210,"VIZUDWKG",1,-1,1
49.45.1.196,"\128S$\184 \168\129\182D",1,-1,1
49.45.1.196,"VGYTTJRSCLNC",1,-1,1
49.45.1.196,"NSBIRDZCZJVWOR",1,-1,1
49.45.1.196,"NDTOZVY",1,-1,1
49.45.1.195,"ZAHCURJOYYJIIS",1,-1,1
49.45.1.195,"XSCBNJQSDLCBMN",1,-1,1
49.45.1.195,"WYUFTIOAIU",1,-1,1
49.45.1.195,"MHPTZYTQHCCMJ",1,-1,1
49.45.1.194,"\128S$\184 \168\129\182D",1,-1,1
49.45.1.194,"VCVZIDRZLGLDG",1,-1,1
49.45.1.194,"COAUXCJWBJOUD",1,-1,1
49.45.1.194,"CEVPXPYYVE",1,-1,1
49.45.1.181,"RKOETHCRVE",1,-1,1
49.45.1.181,"FBFYMJSJEHNE",1,-1,1
49.45.1.181,"COM",0,-1,1
49.45.1.180,"QKVGEFM",1,-1,1
49.45.1.180,"OVROMSLREXR",1,-1,1
49.45.1.180,"FVGBPTNMKT",1,-1,1
49.45.1.179,"ZDSECQYCMIP",1,-1,1
49.45.1.179,"AQTIUDOEDVR",1,-1,1
49.45.1.178,"ZCIYDAK",1,-1,1
49.45.1.178,"NLRQSQQCRBNJ",1,-1,1
49.45.1.178,"HNINKLEIRS",1,-1,1
49.45.1.178,"CWWCOTMTB",1,-1,1
49.45.1.164,"SSKFGJHQ",1,-1,1
49.45.1.164,"PMYNHYEA",1,-1,1
49.45.1.164,"LJOCPURZFPKTJDU",1,-1,1
49.45.1.163,"WJGGLWPEKTRVP",1,-1,1
49.45.1.163,"ERCMUWMVU",1,-1,1
49.45.1.163,"BNFLRUJKMVQ",1,-1,1
49.45.1.162,"HZQVMOF",1,-1,1
49.45.1.162,"CHNTWDZGHCGADZ",1,-1,1
49.45.1.162,"BTQPIFA",1,-1,1
49.45.1.148,"RBRJHNXLURKNSIY",1,-1,1
49.45.1.148,"OWDNZYDGZMAXVAT",1,-1,1
49.45.1.148,"ATASKJFIZGXWHW",1,-1,1
49.45.1.147,"OCPZBPUOTS",1,-1,1
49.45.1.147,"EXMONBQSNFULP",1,-1,1
49.45.1.147,"DKISRKE",1,-1,1
49.45.1.146,"OUKADJRY",1,-1,1
49.45.1.132,"NTKPHBSYUC",1,-1,1
49.45.1.132,"KFFKDSO",1,-1,1
49.45.1.131,"MPOXLZZBIRJJFB",1,-1,1
49.45.1.131,"ERFHYYSYWD",1,-1,1
49.45.1.130,"BSHZHLAHJI",1,-1,1
49.45.1.116,"KALPZGZIPDTWGIA",1,-1,1
49.45.1.116,"HELDXDZXUHCMLCT",1,-1,1
49.45.1.115,"ZGJSJXLKX",1,-1,1
49.45.1.115,"VDFLYGH",1,-1,1
49.45.1.114,"UGVIPUT",1,-1,1
49.45.1.114,"FTTPFTPXGVWJO",1,-1,1
49.45.1.114,"FGEODPYVFBKNDP",1,-1,1
49.45.1.100,"RPKLQZHKYBTGQ",1,-1,1
49.45.1.100,"NQNKUXNYQAF",1,-1,1
49.45.1.100,"LFXZIYGO",1,-1,1
49.45.1.99,"ZZOYFPG",1,-1,1
49.45.1.99,"YXJZFQCS",1,-1,1
49.45.1.99,"TZODYVQIBA",1,-1,1
49.45.1.99,"CCPNIBQCZJFJD",1,-1,1
49.45.1.99,"BRVCDVNDI",1,-1,1
49.45.1.98,"KXHNIPVDFHSLQFX",1,-1,1
49.45.1.98,"KQVYVUWLEHDS",1,-1,1
49.45.1.98,"JLNYMPIC",1,-1,1
49.45.1.84,"HCTHCUSLS",1,-1,1
49.45.1.83,"NZYOHENU",1,-1,1
49.45.1.82,"OHAKRXFFCOQQMMW",1,-1,1
49.45.1.82,"COM",0,-1,1
49.45.1.82,"AZRFUYQX",1,-1,1
49.45.1.68,"WSRHLSXRNN",1,-1,1
49.45.1.68,"HOMDXQJ",1,-1,1
49.45.1.66,"GWTKDCRYO",1,-1,1
49.45.1.52,"RQWXTNWBQJVLE",1,-1,1
49.45.1.52,"DCPEKOMIHGHTXEM",1,-1,1
49.45.1.51,"\200\204\019\184X\0220\184\003",1,-1,1
49.45.1.51,"MKASIDMS",1,-1,1
49.45.1.50,"NXNHIKKGIDMMZAO",1,-1,1
49.45.1.36,"XZOURJYAZUHL",1,-1,1
49.45.1.36,"XN--P\044-WYB",1,-1,1
49.45.1.36,"VPSUGBSQVSMR",1,-1,1
49.45.1.36,"OAOHHUOIZXQV",1,-1,1
49.45.1.35,"YCDCEWPHRB",1,-1,1
49.45.1.35,"RPOPIDA",1,-1,1
49.45.1.35,"PZJDTPQIUDAJRU",1,-1,1
49.45.1.35,"MKFJMTBUN",1,-1,1
49.45.1.34,"RMOBKBKZMETHT",1,-1,1
49.45.1.34,"NPIYVPTSL",1,-1,1
49.45.1.34,"JOMPEDHIRMR",1,-1,1
49.45.1.34,"HTZWIZVDKYVB",1,-1,1
49.45.1.34,"CQVEFROWTVB",1,-1,1
49.45.1.21,"VVWFLDDLFHDGXD",1,-1,1
49.45.1.21,"SBWNTNMVMRI",1,-1,1
49.45.1.21,"QBIECKV",1,-1,1
49.45.1.21,"ANWZZOR",1,-1,1
49.45.1.20,"VIKSJAKS",1,-1,1
49.45.1.20,"GDS%20PAY%20ARREAR%20CALCULATAR",1,-1,1
49.45.1.20,"DUHDPLDJSURMHZ",1,-1,1
49.45.1.20,"AAUHLLYQP",1,-1,1
49.45.1.19,"WALYUKBAAMSOC",1,-1,1
49.45.1.19,"VHLEYGQFXCXWG",1,-1,1
49.45.1.19,"RAWJGWCEP",1,-1,1
49.45.1.19,"JRGGUIMA",1,-1,1
49.45.1.18,"NNKJEZEXICG",1,-1,1
49.45.1.18,"MSXZXGTX",1,-1,1
49.45.1.18,"DTVIEESB",1,-1,1
49.45.1.5,"ZOCEAOQAGXQCTLD",1,-1,1
49.45.1.5,"SNIEBVABMYS",1,-1,1
49.45.1.5,"LFVWAKBZJDABPCO",1,-1,1
49.45.1.5,"HANIHUUKCJDX",1,-1,1
49.45.1.4,"XDOASAN",1,-1,1
49.45.1.4,"HTLLRJLVKKMFVLK",1,-1,1
49.45.1.4,"FORTHQYP",1,-1,1
49.45.1.4,"ATUMPFXWZDKV",1,-1,1
49.45.1.3,"HYOMMXHNXWJSUWB",1,-1,1
49.45.1.3,"HPXSFOZETKMXJ",1,-1,1
49.45.1.3,"FSWKJCJ",1,-1,1
49.45.1.3,"DYWJCXR",1,-1,1
49.45.1.2,"VKVCESTHIQ",1,-1,1
49.45.1.2,"NUHAVVKUJLSR",1,-1,1
49.45.1.2,"MSETXHWWDFYR",1,-1,1
49.45.1.2,"DYMFFQUPWXXXEC",1,-1,1
49.45.0.228,"KHDORJBDPDGCZIQ",1,-1,1
49.45.0.227,"WUPHRFUIRWG",1,-1,1
49.45.0.196,"DBKOTNB",1,-1,1
49.45.0.195,"RAZNIRUQP",1,-1,1
49.45.0.195,"MJJGGRUH",1,-1,1
49.45.0.194,"NCJXBHHRWIH",1,-1,1
49.45.0.194,"FFPSHMKUAXS",1,-1,1
49.45.0.165,"NCUJCOA",1,-1,1
49.45.0.165,"HEQSXBW",1,-1,1
49.45.0.164,"QTKJWMKSEW",1,-1,1
49.45.0.164,"MWASFGXY",1,-1,1
49.45.0.164,"CUZCJLVLHC",1,-1,1
49.45.0.163,"IHBCMXDG",1,-1,1
49.45.0.163,"HPBHXZDN",1,-1,1
49.45.0.163,"GRRETXMXUPTY",1,-1,1
49.45.0.162,"ZRAJGXCWQRQ",1,-1,1
49.45.0.162,"1DU-UA8D322EE-C104-S1495509887-I00000000-APNIC-TEST",1,-1,1
49.45.0.134,"VUVROWLXDRFZUGC",1,-1,1
49.45.0.134,"LOVCXQWERFOMS",1,-1,1
49.45.0.132,"PVKLHAAIARHRNS",1,-1,1
49.45.0.99,"RBEMHZDKFEEZCD",1,-1,1
49.45.0.99,"KFTUDFNWGTWZDD",1,-1,1
49.45.0.99,"GZWEYZZBTDBEJPZ",1,-1,1
49.45.0.98,"\144WU\183",1,-1,1
49.45.0.98,"VHNTUTGYLKVQ",1,-1,1
49.45.0.68,"HJGKFVKVAW",1,-1,1
49.45.0.68,"BHFDFTC",1,-1,1
49.45.0.67,"FVWEXAFTXCPBXJR",1,-1,1
49.45.0.67,"EKNJMVRKYDCT",1,-1,1
49.45.0.66,"ZKAITWIFPUTJFUV",1,-1,1
49.45.0.66,"WBPITZJMPGDFXN",1,-1,1
49.45.0.66,"TERZQUKVQZSD",1,-1,1
49.45.0.35,"OFGNALRJGC",1,-1,1
49.45.0.11,"BZWYABEPXJA",1,-1,1
49.45.0.10,"WBVVBFDGBEGVI",1,-1,1
49.45.0.10,"TFFRYRQZPG",1,-1,1
49.45.0.10,"DLCRBLQEGJXXWA",1,-1,1
49.45.0.9,"PNBHUSO",1,-1,1
46.227.184.192,"LOCAL",1,5938,2
46.218.35.202,"COM",0,-1,1
46.165.168.132,"`\2466",1,3,15
46.108.135.114,"INFO",0,-1,1
45.33.124.75,"TRQKSJGMD",1,-1,1
45.33.124.75,"RIVVMPAPY",1,-1,1
45.5.36.20,"342",1,-1,1
45.5.36.20,"272",1,-1,1
45.5.36.20,"131",1,-1,1
42.120.74.37,"\131",1,101,4
42.110.139.148,"",0,-1,1
41.180.4.82,"BIND",0,-1,1
41.100.46.253,"COM",0,-1,1
41.66.193.149,"HFWUDUZR",1,-1,1
40.122.184.12,"Z",1,-1,1
40.103.47.100,"COM",0,-1,1
40.103.35.164,"COM",0,198,2
40.103.21.212,"COM",0,-1,1
40.103.20.116,"COM",0,100384,2
40.103.17.36,"COM",0,-1,1
40.103.15.84,"COM",0,-1,1
40.103.9.180,"COM",0,-1,1
40.103.2.4,"COM",0,-1,1
38.109.179.234,"NET",0,-1,1
38.101.126.131,"COM",0,-1,1
38.93.235.76,"INFO",0,-1,1
38.71.0.226,"NET",0,-1,1
38.65.199.150,"ARPA",0,-1,1
37.152.5.2,"JIFALJWMQIXBYU",1,-1,1
37.72.226.11,"INFO",0,-1,1
37.29.42.50,"YKXFEJC",1,-1,1
37.29.42.50,"TQHADIWJKTRIYL",1,-1,1
37.29.42.50,"KLMFJQZRM",1,-1,1
37.29.42.50,"GTTAVHNFFQGIKDJ",1,-1,1
37.29.42.50,"",0,-1,1
37.29.24.34,"RU",0,-1,1
37.25.110.135,"NET",0,-1,1
35.184.172.191,"IT",0,-1,1
35.165.32.59,"INTERNAL",1,-1,1
35.164.101.159,"LOCAL",1,-1,1
35.162.240.252,"INTERNAL",1,-1,1
35.161.195.32,"SCHEMADOCK880-SJC1",1,-1,1
34.210.37.220,"NL",0,-1,1
34.209.190.28,"IP-172-30-1-186",1,-1,1
34.209.111.70,"IP-10-202-1-49",1,-1,1
34.208.16.190,"2015-07-20",1,-1,1
31.222.196.196,"ORG",0,-1,1
31.163.0.122,"COM",0,-1,1
27.129.28.230,"ABBKIKRLHB",1,-1,1
27.89.248.46,"WDVSZCIEGSGMXI",1,-1,1
27.89.248.45,"WYLWCSAXU",1,-1,1
27.89.248.44,"YXFCNNN",1,-1,1
27.89.248.44,"UXQODVVPKVTDJ",1,-1,1
27.89.248.44,"PIYYGVH",1,-1,1
27.89.248.43,"OCNOXHGJZ",1,-1,1
27.89.248.43,"LOCAL",1,53115,2
27.89.248.43,"INTDK",1,-1,1
27.89.248.42,"LOCAL",1,-1,1
27.89.248.41,"UNHHRGL",1,-1,1
27.89.248.40,"TOAZKTBFI",1,-1,1
27.89.248.40,"GDUQXJTWUOM",1,-1,1
27.89.248.39,"RTOJTYSRZBE",1,-1,1
27.89.248.38,"BQGDNJPP",1,-1,1
27.89.248.14,"GYFSKFMDY",1,-1,1
27.89.248.13,"LOCAL0\001",1,-1,1
27.89.248.11,"OSEWNCPN",1,-1,1
27.89.248.11,"LOCAL",1,-1,1
27.89.248.11,"HOME",1,-1,1
27.89.248.10,"WZWPNRYTRPJP",1,-1,1
27.89.248.10,"HOME",1,-1,1
27.89.248.9,"HGHNENYJ",1,-1,1
27.89.248.7,"GNXLXCEZRWR",1,-1,1
27.89.248.6,"OGBAQLHNBZOJEU",1,-1,1
27.89.248.5,"TAYPOTQKIOVU",1,-1,1
27.89.248.4,"YFMCATEUFITM",1,-1,1
27.89.248.4,"BBGUTEVJEDAOB",1,-1,1
24.234.112.42,"NET",0,-1,1
24.234.112.42,"",0,-1,1
24.223.9.46,"SU",0,-1,1
24.220.0.11,"YFLREBVRTVEFTTK",1,-1,1
24.220.0.11,"HOME",1,-1,1
24.220.0.10,"LOCAL",1,-1,1
24.154.1.9,"(NONE)",1,-1,1
24.140.1.3,"BRICK",1,-1,1
24.120.165.94,"NET",0,-1,1
24.107.71.27,"KR",0,-1,1
24.93.71.206,"LOCAL",1,-1,1
24.93.71.203,"NXPLEKES",1,-1,1
24.93.71.203,"LOCAL",1,-1,1
24.93.50.14,"VTBWMRSPCVWWCX",1,-1,1
24.93.50.14,"UOTNZESDV",1,-1,1
24.93.50.14,"SUZYQ",1,-1,1
24.93.50.14,"PVT",1,-1,1
24.93.50.11,"LOCAL",1,-1,1
24.93.50.10,"SWMCNHMHAZ",1,-1,1
24.93.50.10,"PNG",1,-1,1
24.93.50.8,"VYJVSGLWVOT",1,-1,1
24.93.50.8,"OJZOLUV",1,-1,1
24.93.50.8,"NCFWQXE",1,-1,1
24.93.50.7,"RRISD",1,-1,1
24.93.50.7,"HMNBHLPUCOH",1,-1,1
24.93.50.4,"PNG",1,-1,1
24.93.50.4,"INVALID",1,-1,1
24.41.166.162,"VAPVMPLYRMB",1,-1,1
24.29.108.108,"KMDA18EA0LPZ",1,-1,1
24.29.108.106,"INVALID",1,-1,1
24.29.108.103,"045",1,-1,1
24.29.108.100,"EMBMMTIFHEW",1,-1,1
24.29.108.78,"YATEJCWLYLY",1,-1,1
24.25.2.109,"LOCAL",1,-1,1
24.25.2.109,"GXNZRPINTJS",1,-1,1
24.25.2.106,"C5-TOUCHPANEL-000FFF174476",1,-1,1
24.25.2.103,"ACCESSCARE",1,-1,1
24.25.2.102,"BHUCPOPS",1,-1,1
24.24.56.134,"UMNXVPYARY",1,-1,1
24.24.56.133,"KPGZHAQYELONS",1,-1,1
24.24.56.131,"VOCIPRSFBHCSE",1,-1,1
24.24.56.131,"LZJYADPY",1,-1,1
24.24.43.173,"OVYHOXEXAMMN",1,-1,1
24.24.43.169,"LCL",1,-1,1
24.24.43.166,"",0,-1,1
24.24.43.163,"NZCXEIXH",1,-1,1
24.8.37.110,"",0,-1,1
23.232.156.6,"COM",0,7,4
23.232.156.6,"",0,-1,1
23.193.172.14,"COM",0,-1,1
23.103.131.19,"18",1,-1,1
23.103.131.18,"52",1,-1,1
23.99.72.23,"Z",1,-1,1
23.99.68.88,"Z",1,-1,1
23.99.67.167,"Z",1,-1,1
23.99.64.129,"Z",1,-1,1
23.97.17.67,"Z",1,-1,1
23.79.230.30,"ORG",0,-1,1
23.79.230.30,"",0,292,2
23.72.180.223,"NET",0,-1,1
23.72.180.223,"",0,-1,1
23.62.12.13,"RU",0,-1,1
23.62.12.13,"NET",0,156562,2
23.62.12.13,"DE",0,-1,1
23.62.12.13,"COM",0,97,22
23.62.12.7,"RU",0,-1,1
23.62.12.7,"NET",0,-1,1
23.62.12.7,"ME",0,-1,1
23.62.12.7,"COM",0,751,7
20.139.37.163,"",0,1193,2
20.20.20.72,"COM",0,-1,1
17.254.6.58,"NET",0,-1,1
17.254.6.58,"COM",0,-1,1
14.142.43.30,"COM",0,-1,1
13.113.89.154,"NET",0,-1,1
13.113.11.127,"STG2",1,-1,1
13.58.134.53,"ROI6HC2F1ICFZSGGMO7EICR6YDQ46MKM",1,-1,1
13.56.20.221,"NET",0,-1,1
12.227.213.130,"LOCAL",1,-1,1
12.226.147.103,"COM",0,-1,1
12.217.65.2,"MASTER",1,-1,1
12.164.147.121,"ORG",0,-1,1
12.158.130.136,"AU",0,-1,1
12.97.84.42,"NET",0,-1,1
12.45.34.154,"137",1,-1,1
12.45.34.154,"",0,-1,1
12.31.202.5,"NET",0,106,2
8.254.64.19,"NET",0,-1,1
8.254.64.19,"EU",0,-1,1
8.254.64.19,"",0,-1,1
8.44.100.11,"NET",0,-1,1
8.44.100.11,"COM",0,244,2
8.44.100.11,"",0,-1,1
8.19.118.253,"NETWORK",0,-1,1
8.10.150.1,"BOOM-SLIDER-UPLOADED",1,-1,1
8.2.208.1,"NET",0,3318,4
8.0.40.4,"LOCAL",1,-1,1
8.0.34.11,"LOCALDOMAIN",1,-1,1
8.0.34.10,"LOCALDOMAIN",1,-1,1
8.0.34.4,"KMOGOPXPKOSUN",1,-1,1
8.0.34.3,"COMHTTP",1,-1,1
8.0.34.2,"INVALID",1,-1,1
8.0.31.3,"LOCAL",1,-1,1
8.0.31.1,"SISCSCPAO",1,-1,1
8.0.16.143,"012",1,-1,1
8.0.16.142,"315",1,-1,1
8.0.16.142,"265",1,-1,1
8.0.16.142,"101",1,-1,1
8.0.16.140,"374",1,-1,1
8.0.16.140,"275",1,-1,1
8.0.16.140,"104",1,-1,1
8.0.16.140,"012",1,-1,1
8.0.16.139,"ARRMVSGN",1,-1,1
8.0.16.139,"356",1,-1,1
8.0.16.139,"211",1,-1,1
8.0.16.139,"051",1,-1,1
8.0.16.138,"306",1,-1,1
8.0.16.138,"251",1,-1,1
8.0.16.137,"STI",1,-1,1
8.0.16.137,"136",1,-1,1
8.0.16.137,"100",1,-1,1
8.0.16.136,"360",1,-1,1
8.0.16.136,"274",1,-1,1
8.0.16.136,"215",1,-1,1
8.0.16.133,"UFVSPTCVHH",1,-1,1
8.0.16.133,"92",1,-1,1
8.0.16.133,"157",1,-1,1
8.0.16.132,"275",1,-1,1
8.0.16.132,"194",1,-1,1
8.0.16.132,"133",1,-1,1
8.0.16.132,"100",1,-1,1
8.0.16.131,"PARSIJOO",1,-1,1
8.0.16.130,"311",1,-1,1
8.0.16.130,"153",1,-1,1
8.0.16.130,"110",1,-1,1
8.0.16.129,"347",1,-1,1
8.0.16.129,"244",1,-1,1
8.0.16.129,"155",1,-1,1
8.0.15.15,"ORGG",1,-1,1
8.0.15.14,"NETG",1,-1,1
8.0.15.7,"COMG",1,-1,1
8.0.15.6,"COMG",1,-1,1
8.0.15.0,"ORGG",1,-1,1
8.0.14.143,"COMG",1,-1,1
8.0.14.141,"007",1,-1,1
8.0.14.140,"COMG",1,-1,1
8.0.14.135,"COMG",1,-1,1
5.236.15.161,"NET",0,-1,1
5.153.254.174,"COM",0,-1,1
5.101.158.129,"PRO",0,-1,1
5.101.158.129,"ORG",0,-1,1
5.51.214.230,"BIND",0,-1,1
4.31.108.209,"DS",1,-1,1
4.14.157.98,"COM",0,-1,1
2.188.21.132,"GZIWYQJEVEJSGXQ",1,-1,1
2.188.21.132,"COM",0,-1,1
2.37.31.181,"PRO",0,-1,1
2.37.31.181,"ORG",0,-1,1
2.37.31.181,"",0,-1,1
1.202.248.36,"\016\127\134\002(K\017\001OM",1,-1,1
1.129.97.207,"",0,-1,1
