Name, nx_domain, name_type, count
IEONLINE.MICROSOFT.COM,0,tld,1
QQYPGHACCONP,0,dga,1
WWW.ZIPLOC.CA.TRAFFICMANAGER.NET,0,tld,1
DUHDPLDJSURMHZ,0,dga,1
FBOUTRVZFIRIIFU,0,dga,1
NGX-OUT-3.OP.58.COM,0,tld,1
NSRRH.MEDCTR.UCLA.EDU,0,tld,1
NS-547.AWSDNS-04.NET,0,tld,1
PXL.CONNEXITY.NET,0,tld,1
GAZWOFFL,0,dga,1
UUFVRZB,0,dga,1
LFIVNBRFTRAX,0,dga,1
GDISIZWBGS,0,dga,1
B._DNS-SD._UDP.\160\191\246\001\128\153\247\001,0,binary,1
NS-1935.AWSDNS-49.CO.UK,0,tld,1
NXNHIKKGIDMMZAO,0,dga,1
ERCMUWMVU,0,dga,1
YHGIATUUA,0,dga,1
HBFSNBB,0,dga,1
345-01,0,other,1
QQPUBLIC.QPIC.CN,0,tld,2
WWW.848848.CC,0,tld,1
B.IN-ADDR-SERVERS.ARPA,0,tld,1
NS1.PROTHOST.COM,0,tld,1
JNFGGSWFL,0,dga,1
100.371.077.254,0,numeric,1
SRUZTTB,0,dga,1
MININT-JCMSIUF.CDS.INF.NEO,0,other,1
66.97.269.176,0,numeric,1
NS3.VECON.NET.BR,0,tld,1
NS7.NIC.RU,0,tld,1
VNAWATIR,0,dga,1
APPLOG.UC.CN,0,tld,1
9.156.254.51.BL.SPAMCOP.NET,0,tld,1
BYZZOHQKDZVVVV.HOME,0,frequent,1
EC2-52-91-239-154.COMPUTE-1.AMAZONAWS.COM,0,tld,1
IM4R.MJT.LU,0,tld,1
ADMOBI360.COM,0,tld,1
G.CEIPMSN.COM,0,tld,1
VDFLYGH,0,dga,1
32.96.270.194,0,numeric,1
NS2.1DOMAIN.NAME,0,tld,2
IVQDMRLSCIBS.DHCP HOST,0,bad_syntax,1
SERVICECUT.MEIZU.COM,0,tld,1
SEC3.APNIC.NET,0,tld,2
QUXYLRGXEDM,0,dga,1
RQWXTNWBQJVLE,0,dga,1
177.204.51.58.BLIP.RBL.35.COM.LOCALDOMAIN,0,frequent,1
P27-SHAREDSTREAMS.FE.APPLE-DNS.NET,0,tld,1
WWW.LEATEK.NET.RGA.IP,0,other,1
TWPEGOULXRRHDKX.NEWYORK.HOTEL,0,other,1
FKYUFUETS,0,dga,1
154.211.123.195.B.BARRACUDACENTRAL.ORG.OPS.INTERNAL,0,frequent,1
TLEIIXMUNGVZA,0,dga,1
XAQXGLAROEZQZS.HOME,0,frequent,1
LB._DNS-SD._UDP.@F\212,0,binary,4
IJOZBPNNBV,0,dga,1
254.90.254.60.IN-ADDR.ARPA,0,tld,1
XJKMLOLUMMCOFN,0,dga,1
QMQNCANENM,0,dga,1
VITAMIX.COM,0,tld,1
_SIP._UDP.ENFLICK.LAYERED.NET,0,tld,1
FJSBBXBRYSSOTQ,0,dga,1
GYJWDGNYP,0,dga,1
GSCGAVLCLKZ,0,dga,1
S2.CNRASYNC-PARKS.C1.Z,0,other,1
_LDAP._TCP.DOMAINDNSZONES.ANDREWFRIEDMAN.LOCAL,0,rfc6771,1
BIJZQKVKPL,0,dga,1
1368854685.INVALID,0,rfc6771,1
PIYYGVH,0,dga,1
_NFSV4IDMAPDOMAIN,0,jumbo,1
ISATAP.US.ROOT,0,frequent,1
THIJALJGOXG.HOME,0,frequent,1
128.112.139.18.IP4.NYUCD.NET,0,tld,1
RBTBZAMPJY,0,dga,1
GOESTOTURKEY.COM,0,tld,1
MTQSSQOC.DHCP HOST,0,bad_syntax,1
WWW.JCDTC.CN.LOCALDOMAIN,0,frequent,1
ULBRZXLYMWYODEV,0,dga,1
100.015.364.140,0,numeric,1
GPRIVSLXK,0,dga,1
NS2.DNS.BR,0,tld,1
INS1.EZNOWDNS.NET,0,tld,1
724821932.INVALID,0,rfc6771,1
NS2.CDC.GOV,0,tld,1
BSBBITHNEIZTH,0,dga,1
NSBIRDZCZJVWOR,0,dga,1
NS2.DYNECT.NET.CN,0,tld,1
GBSDHRZCYTQE.HOME,0,frequent,1
OBELIX.ELTEKDOMAIN.LOCAL,0,rfc6771,1
PBGTYNRDAITF.DLINK,0,frequent,1
&EVENTTYPE=CLOSE&REASON=3&DURATION=2108,0,bad_syntax,1
KMGHWWLW,0,dga,1
WWW.437BIFEN.COMYL8CDR,0,other,1
UYBWPMMYQ.RGA.IP,0,other,1
274.326.355.323,0,numeric,1
LB._DNS-SD._UDP.\131,0,binary,7
NS2.GOODNIC.NET,0,tld,1
YKNAOWID.BELKIN,0,frequent,1
WAUJJPAKRSNP,0,dga,1
AILITJ.APPCHIZI.COM,0,tld,1
ENJSLYAEZCZBSZA.DHCP HOST,0,bad_syntax,1
NVRKRBKVGEYKKX,0,dga,1
DCPEKOMIHGHTXEM,0,dga,1
EDGE.LIVE.GETPANTHEON.COM,0,tld,1
19.60.204.130.NIXSPAM,0,dga,1
WVFGAWLBHZSKVUX,0,dga,1
SCSZXQIMWAQJL,0,dga,1
HWYKQKG,0,dga,1
LMSV.KSMOBILE.NET,0,tld,1
SN.BIGDEMO.ME,0,tld,1
THEHISTOGRAPHER.COM,0,tld,1
OCNOXHGJZ,0,dga,1
00000000027.0000000000154.0X005A28,0,other,1
057.257.377.153,0,numeric,1
WDIKWLFC,0,dga,1
ZHUHAI.FANGTOO.COM,0,tld,1
XFEGYSSNNYNDW,0,dga,1
CSCDNSMDS002D.CSC.COM,0,tld,2
OTFZBMCZL.DHCP HOST,0,bad_syntax,1
GCWVNHBNDZMANYT.RGA.IP,0,other,1
NSA,0,other,2
FS-01.SHINJUKU.LOCAL,0,rfc6771,1
CJBXKTLOOK.DHCP HOST,0,bad_syntax,1
IMGCDN.PTVCDN.NET,0,tld,1
NS2.QHCDN.COM,0,tld,1
BJKLBUETSVJPMA,0,dga,1
MEDHUB.MEDCTR.UCLA.EDU,0,tld,1
KSN-VERDICT-GEO.KASPERSKY-LABS.COM,0,tld,1
DJQTMAGCKU,0,dga,1
PROJECTGOLD.RU,0,tld,1
210.IN-ADDR.ARPA,0,tld,1
NS2.TORUS.COM.TW,0,tld,1
DISNEYPRIVACYCENTER.COM,0,tld,1
OFFICECDN.SO.ELBLAG,0,other,1
NUHAVVKUJLSR,0,dga,1
FF02::FB.VERILAND.LOCAL,0,rfc6771,1
GCHPCXPCP,0,dga,1
GPCD.GTIMG.CN,0,tld,1
XKQRGYF6QCPN.JOBFALCON.COM,0,tld,1
_LDAP._TCP.DC._MSDCS.LASERLLC.LOC,0,frequent,1
JQTZFYKPRL,0,dga,1
ORIGIN-PM.TURNERTALK.COM,0,tld,1
JUSDNZRGJHNBF,0,dga,1
VCVZIDRZLGLDG,0,dga,1
HYOMMXHNXWJSUWB,0,dga,1
UIMXBKCLEEKKLXM,0,dga,1
MFMIFNWKTVQ,0,dga,1
RELAY-PROD-EUWEST1-47.WD2GO.COM,0,tld,1
CGRVHCKGYEPGUFT,0,dga,1
51.34.101.55.IN-ADDR.ARPA,0,tld,1
013.122.334.155,0,numeric,1
NS-1073.AWSDNS-06.ORG,0,tld,2
908437891.INVALID,0,rfc6771,1
43485498.LOCALHOST,0,rfc6771,1
MHXZ.RES.TS100.COM.FASTCDN.COM,0,tld,1
AHLRMGTY.COBBROOT.LOCAL,0,rfc6771,1
DNS1.MASTERWEB.COM,0,tld,1
SMPKSZDTCZXXZHE,0,dga,1
DNS.TYPHOON.GOV.CN,0,tld,1
354.340.143.053,0,numeric,1
TOAZKTBFI,0,dga,1
HNINKLEIRS,0,dga,1
_LDAP._TCP.0A9801CC-325E-4CA3-B15C-4368FE56A561.DOMAINS._MSDCS.REINS.LOCAL,0,rfc6771,1
THQNFLJPHXEXTPR,0,dga,1
SCASZEZSQKZR,0,dga,2
KOSHARA.CO,0,tld,1
BKQMUXYFSD,0,dga,1
XEOVMDXIRCFBOZ,0,dga,1
JGXJMRUWHIJXYA.HOME,0,frequent,1
244.169.116.199.IN-ADDR.ARPA,0,tld,1
MDOKDFPKEO,0,dga,1
JKIUQKNE.BELKIN,0,frequent,1
EMVPUNN.DHCP,0,frequent,2
GSXHJHERJDJPZ,0,dga,1
WWW.GARBAGEGARAGE.CZ,0,tld,2
220.252.114.122.IN-ADDR.ARPA,0,tld,1
URRHDHB,0,dga,1
NLRQSQQCRBNJ,0,dga,1
BCZUTMEUWU,0,dga,1
_KERBEROS._TCP.VSPHERE.LOCAL,0,rfc6771,2
WWW.MSJZC.CN.LOCALDOMAIN,0,frequent,1
317.246.356.306,0,numeric,1
SFAEQZXKLCI,0,dga,1
WWW.DOREGAMA.COM,0,tld,1
F.ROOT-SERVERS.NET,0,tld,3
330.176.222.211,0,numeric,1
DC09-SC.CORP.SHUTTERFLY.COM,0,tld,1
BAIDUSTATIC.COM,0,tld,1
USASALOEDC04.LOE.CORP,0,frequent,1
COMM.INNER.BBK.COM,0,tld,1
CHINATUNGSTEN.COM.BLURL.RBL.35.COM.LOCALDOMAIN,0,frequent,1
MINUTDURKE,0,dga,1
KHFEPYV,0,dga,1
27.169.15.198.IN-ADDR.ARPA,0,tld,1
HDNJTBDADOIX,0,dga,1
YXFCNNN,0,dga,1
HELPCMSECURITY1.KSMOBILE.COM.BELKIN,0,frequent,1
201.123.266.246,0,numeric,1
USER.AJKDNS2.COM,0,tld,1
VANDERBILT.EDI,0,other,1
85.52,0,numeric,1
015.054.313.012,0,numeric,1
PX12.JP.INTDK,0,other,1
_PDL-DATASTREAM._TCP,0,frequent,1
SVCABLE.NETG,0,other,1
IZXFOMCLLJVSW,0,dga,1
005.206.053.261,0,numeric,1
NS-B.MCAFEE.COM,0,tld,2
MBGRZJGBXTJ.HOME,0,frequent,1
DB._DNS-SD._UDP.8H\027\002\144\213\027\002\001,0,binary,1
OEQRVKZKIZBYNEF,0,dga,1
RNGDZUGI.RGA.IP,0,other,1
BPT26085.PKITA.NEO,0,other,2
MESSIAH-LUTHERAN.ORGG,0,other,1
QGNCIGOUEKT,0,dga,1
US.SINAIMG.CN,0,tld,1
123.207.13.37:58476,0,bad_syntax,1
MEASUREMENTAPI.COM,0,tld,1
AZRFUYQX,0,dga,1
XHWBBFGTNBGLKB.RGA.IP,0,other,1
NS1.MSFT.NET,0,tld,6
T7Z.CUPID.IQIYI.COM,0,tld,1
_GC._TCP.CORPNET.ASUS,0,frequent,1
QJUJBMHTI,0,dga,1
WWW.POCOSDECALDAS.MG.GOV.BRHTTP,0,other,1
LOBBY.GAMETEA.COM,0,tld,1
HNRZTSDK,0,dga,1
DR._DNS-SD._UDP.`\2466,0,binary,4
TORNEGYQDP,0,dga,1
LB._DNS-SD._UDP.X\190 \001@J\137,0,binary,1
WWW.SALMONADS.COM,0,tld,1
S2.DMIANALYTICSSQL8337.D2.Z,0,other,1
SWCMHC.LOCAL,0,rfc6771,1
YPFWVQQEQEBMCYC,0,dga,1
HCTHCUSLS,0,dga,1
UCXMWZVHWA,0,dga,1
FAFLKZMMJTGYZZD.RGA.IP,0,other,1
145904560.LOCALHOST,0,rfc6771,1
DC08-SC.CORP.SHUTTERFLY.COM,0,tld,1
CMPDNQLBBL.DHCP HOST,0,bad_syntax,1
GMS.AHNLAB.COM,0,tld,1
MKQFICSCOUBX,0,dga,1
LOCAL,0,rfc6771,6
LBQPEJSGACQ,0,dga,1
HJRLDVNVCEMQTW,0,dga,1
NS2.AFRINIC.NET,0,tld,2
355.044.017.010,0,numeric,1
82.42.101.55.IN-ADDR.ARPA,0,tld,1
HNNYCHCDTJMHZ32.AMER.CORP.LOCAL,0,rfc6771,1
UCXVRAFGTHR,0,dga,1
PYSSMLAVRSGXGMU,0,dga,1
NAME,0,tld,1
GJJOJCEFKPMTJ,0,dga,1
XZWAVFDTSUJLTMO,0,dga,1
SOLR.US_RM_SEARCH.ITEM.C001.R002.52.1.1488940035,0,numeric,1
RDROTAZFRZQH,0,dga,1
ULXCRQSUYK,0,dga,1
AGMWILWTRTQ,0,dga,1
GC._MSDCS.BBDDS.LOCAL,0,rfc6771,1
XNVWALCE,0,dga,1
BOFAHWLKGAP,0,dga,1
AEIGUJIKUK,0,dga,1
KNOPYSAVBK.HOME,0,frequent,1
WWW.SERVEROUTE.COM,0,tld,1
LEAPFROG-SSL-15469.EDGEKEY.NET,0,tld,1
GGZFKHSRLNJFN,0,dga,1
TAMMU-LSYCN-14332-NXQFGRYKLI-17125-WSOAVYASQZ.HTML,0,frequent,1
LIGRNFFT,0,dga,1
SUPPORT.COM,0,tld,1
128.208.4.198.IP4.NYUCD.NET,0,tld,1
YPTBMYII,0,dga,1
DLF3.PYW.CN.WSDVS.COM,0,tld,1
014.325.273.260,0,numeric,1
CKJDHJCYAPQMA,0,dga,1
265.110.004.223,0,numeric,1
3GIMG.QQ.COM,0,tld,1
QFEGNDVBXPZ,0,dga,1
VPAMTAS,0,dga,1
CS9.WPC.V0CDN.NET,0,tld,2
CYNCMIGU,0,dga,1
021.254.025.304,0,numeric,1
DTVIEESB,0,dga,1
ESLGEYAKOFZEFW,0,dga,1
_LDAP._TCP.DC._MSDCS.VIVA.ROUTER,0,frequent,1
NS1.S-MSEDGE.NET,0,tld,1
ORIGIN-DOWNLOADS.ARM.COM,0,tld,1
169.216.318.155,0,numeric,1
DYWJCXR,0,dga,1
107.37.101.55.IN-ADDR.ARPA,0,tld,1
UIQDZVZRB.RGA.IP,0,other,1
_LDAP._TCP.GA16._SITES.US.RICOH.DS,0,frequent,1
DATA-COLLECTOR-LINKEDIN-PROD-180307940.AP-SOUTHEAST-1.ELB.AMAZONAWS.COM.LOCALDOMAIN,0,frequent,1
IUTIPXGCH,0,dga,1
CPX-DO9IPH0HEM0.EC2.INTERNAL,0,frequent,2
61.133.93.172.IN-ADDR.ARPA,0,tld,1
MWASFGXY,0,dga,1
GZWEYZZBTDBEJPZ,0,dga,1
NS2.CONTINENT8.NET,0,tld,1
CONNECT.FACEBOOK.NET,0,tld,1
UK1-CASHEQUITIES.NEO-SVC.UBS.COM,0,tld,1
23.9.318.169,0,numeric,1
MOESTAR.EDU.TW,0,tld,2
API.SHARE.MOB.COM.LOCAL.LAN,0,frequent,1
2.120.204.138.IN-ADDR.ARPA,0,tld,1
AP1-FREMONT11-U1101,0,jumbo,1
JLNYMPIC,0,dga,1
TQHADIWJKTRIYL,0,dga,1
GAME.TGP.QQ.COM,0,tld,1
IESKGQCIOEF.HOME,0,frequent,1
SP-TEST.EBOWER.COM,0,tld,1
NS-934.AWSDNS-52.NET,0,tld,1
NS2.SADECEHOSTING.COM,0,tld,1
BDTZDXKGGBVJQJW,0,dga,1
ZFORGWQO,0,dga,1
ENEPXLZ,0,dga,2
NS4.BLACKCHICKENHOST.COM,0,tld,1
WWW.AUTODESK.COM,0,tld,1
MJT.LU,0,tld,1
OYCBSYRX,0,dga,1
BOQTLRZKAYDHX,0,dga,1
NNDQTYTUOI,0,dga,1
ONTARGETSERVER.TEAMONTARGET.LOCAL,0,rfc6771,1
PMOA.CO.JP,0,tld,1
HEMSCART01.RRISD,0,other,1
DC06-SC.CORP.SHUTTERFLY.COM,0,tld,1
WTSITTON,0,dga,1
KQVYVUWLEHDS,0,dga,1
BSLDXEWTASK,0,dga,1
LIQBKMKEVOK,0,dga,1
K\046J\046\039S AIR-MASTER._AIRPORT._TCP.DNSD.ME,0,tld,1
JDVJTFJ,0,dga,1
WEATHER.HICLOUD.COM,0,tld,1
730.NUOMI.N.SHIFEN.COM,0,tld,1
FORESTDNSZONES.PISUENA.FERRE,0,other,1
BALANCE-PRODUCTION-249848281.US-EAST-1.ELB.AMAZONAWS.COM,0,tld,1
169.67.318.100,0,numeric,1
DNS103.COMCAST.NET,0,tld,1
OAAGLNS.HOME,0,frequent,1
ESAJYKYVBV,0,dga,1
TCMOBO.COM,0,tld,1
E10395.DSCG.AKAMAIEDGE.NET,0,tld,1
LB._DNS-SD._UDP.\196,0,binary,1
NS1.IQMETRIX.COM,0,tld,2
UKUBKTIJVIOMTZT.HITRONHUB.HOME,0,frequent,1
DATA.NBA.NET,0,tld,1
C39195ACKI10Q.CONF.LOG-MARKETING.JP,0,tld,1
GMKVBNUZRITGVK,0,dga,1
STJVLFI.BELKIN,0,frequent,1
63.93.168.192.IN-ADDR.ARPA,0,tld,1
BEINGMATE.NBME.ORG.LOCALDOMAIN,0,frequent,1
NS6.HPECORP.NET,0,tld,1
WPAD.PRINT.TNEXT.LOC,0,frequent,1
S2.JREDISPRODWUS10.D10.Z,0,other,1
BCSXZRC,0,dga,1
224.357.346.264,0,numeric,1
WWW.FACEBOOK.COM/*,0,bad_syntax,1
GLGTBNEMSZ.LOCKLINE.LOC,0,frequent,1
NS5.NETNAMES.NET,0,tld,6
B._DNS-SD._UDP.(\202\255,0,binary,3
DHSSHVUNTELXAF,0,dga,1
DKYSXFLFQCLHZRI,0,dga,1
DCLMWXEOYS.HOME,0,frequent,1
WJGGLWPEKTRVP,0,dga,1
TPLCEIMGLOAPD,0,dga,1
MAZU.3G.QQ.COM,0,tld,1
ORIGIN-ETERMINAL2.GDATA.DE,0,tld,1
GAMETREETVHTML5.COM,0,tld,1
S2.RKWUSRMDTSVCPRD02.D5.Z,0,other,1
AD2.WINDOWSCLUSTER.LOOPIA.SE,0,tld,1
KNZOYSP,0,dga,1
EVISA.COM.SA,0,tld,1
DNS1.TAIWANJOBS.GOV.TW,0,tld,1
IAJGDFSWUVAKKF,0,dga,1
43.116.31.116.IN-ADDR.ARPA,0,tld,1
LTZTA1AMAKENGO.ADAMSINT.LOCAL,0,rfc6771,1
102.168.191.188.IN-ADDR.ARPA,0,tld,1
JSONP-US-EAST-1-773824149.US-EAST-1.ELB.AMAZONAWS.COM,0,tld,1
N2.D6.NET,0,tld,1
2131003956.LOCALHOST,0,rfc6771,1
DE-A-DESCHR1.INF.NEO,0,other,1
301.116.051,0,numeric,1
G55.FP.PS.NETEASE.COM.WSGLB0.COM,0,tld,1
WPAD.AP.MT.MTNET,0,other,1
ZDVTXVS,0,dga,1
JHILKQMCV,0,dga,1
TOYSGIFTS.GOME.COM.CN.WSCDNS.COM,0,tld,1
F1G.FR,0,tld,1
_LDAP._TCP.SG-SINGAPORE._SITES.INMARSAT.LOCAL,0,rfc6771,1
DATA.MISTAT.XIAOMI.COM.WORKGROUP,0,frequent,1
WWW.XJJCT.GOV.CN,0,tld,1
KNBYHNR,0,dga,1
YAHOO.COM,0,tld,1
UMNXVPYARY,0,dga,1
DYMFFQUPWXXXEC,0,dga,1
OSEVWCPZKFZZI.LAN,0,frequent,1
WWW.EBAY.COM,0,tld,1
ORBYT.ES,0,tld,1
272.121.351.010,0,numeric,1
GOOGLE.COM.DO,0,tld,1
MAIL.AIDOSSOFTWARE.DE,0,tld,1
PLUMGUIDE-STAGING.IMGIX.NET,0,tld,1
PKGJGSLKDLB,0,dga,1
S2.AZUPVWEB0047.D5.Z,0,other,1
WWW.JSQC8.CN,0,tld,1
BZWYABEPXJA,0,dga,1
MIDINFO.BAOFENG.COM,0,tld,1
V10.DISAMB.BAIDU.COM.DHCP,0,frequent,1
NS2.COSTAR.COM,0,tld,1
ZMTFGDH.HOME,0,frequent,1
TEREDO.IPV6.MICROSOFT.COM,0,tld,2
UFKXOCZASRMCQ.HOME,0,frequent,1
OMAIPNEV,0,dga,1
VJUXXMVMLPK.HOME,0,frequent,1
FANQIANQIANDE-IPAD,0,jumbo,1
DR._DNS-SD._UDP.\224\205D\001,0,binary,2
UHPDUFSMKEYNGAZ,0,dga,1
AWIQDUNFHU,0,dga,1
GAME.EGAME.QQ.COM,0,tld,1
DGNIZRARRE,0,dga,1
UMAOKMSKGUAQ,0,dga,1
NS-A.MCAFEE.COM,0,tld,2
RSNNPZMP,0,dga,1
K.A.SOHU.COM,0,tld,1
151.196.298.55,0,numeric,1
GSTATICADSSL.L.GOOGLE.COM,0,tld,1
CONRAD.VEVOSTG.COM,0,tld,1
CHISOS.OTS.UTEXAS.EDU,0,tld,1
234.033.300.275,0,numeric,1
NS1.PEER1.NET,0,tld,1
KGFCCBISRWOC,0,dga,1
I.YTIMG.COM.WORKGROUP,0,frequent,1
VPYBFGQRLVBME.COM,0,tld,1
INS4.EZNOWDNS.NET,0,tld,1
SERVER-P2P.25PP.COM.DHCP HOST,0,bad_syntax,1
120.6.129.117.IN-ADDR.ARPA,0,tld,1
NS2.DECIDE4.US,0,tld,1
XNKCEZUNHO,0,dga,1
_LDAP._TCP.DEN03._SITES.DC._MSDCS.CHIPOTLE.ESC,0,other,1
AGDFODTK,0,dga,1
UPDATE10.BARRACUDANETWORKS.COM.BANRURAL.COM.GT,0,tld,1
QXFTBCFNTCU,0,dga,1
GREEN.SAMSUNG.CO.KR,0,tld,2
128.163.142.20.IP4.NYUCD.NET,0,tld,1
SHOUJI.SOGOU.COM,0,tld,2
ZZENLBLYLGFDSKN,0,dga,1
PCUBDOFXIF,0,dga,1
PASSPORT2.AICHAOXING.COM,0,tld,1
REBWKOQPISR,0,dga,1
CNZYLMBFUH,0,dga,1
GOOGLEADS.G.DOUBLECLICK.NET,0,tld,1
S2.VDC1-GDC1.D2.Z,0,other,1
THYTYSTB.WI-FIWALKER.HOME,0,frequent,1
335.354.206.075,0,numeric,1
CLOUDFLARE.NET,0,tld,1
YIDONG4G.XDWSCACHE.OURGLB0.COM,0,tld,1
372.076.042.245,0,numeric,1
USER-20170415SD.DHCP HOST,0,bad_syntax,1
TSSLTNKNI,0,dga,1
CL-MED04-MED05.LBN.ROESER-ONLINE.DE,0,tld,2
SRDRANIJNEPBDV,0,dga,1
AMDC.ALIPAY.COM,0,tld,1
OBS.LINE-CDN.NET,0,tld,1
JQIEIWG,0,dga,1
PNS01.DCSIX.NET,0,tld,1
JOMAZDX.PK5001Z,0,other,1
EQPCHAKCO,0,dga,1
KOVBSRE,0,dga,1
TQGNWQN,0,dga,1
WEIBO.COM,0,tld,1
L.EDU-SERVERS.NET,0,tld,1
APPHOME.VIPSINAAPP.COM,0,tld,1
SAFE.MEIZU.COM,0,tld,2
_IPP._TCP,0,frequent,1
ALT8-MTALK.GOOGLE.COM.BELKIN,0,frequent,1
NCUJCOA,0,dga,1
NXNOP012.FLXDNS.COM.AIRDREAM,0,dga,1
NS1.PENDINGRENEWALDELETION.COM,0,tld,1
UPDATE.APP.2345.COM.WORKGROUP,0,frequent,1
311.134.217.265,0,numeric,1
DBEJHVG,0,dga,1
OWRKNVCKOULVXNB,0,dga,1
KOTHETWBWSGBR,0,dga,1
ITMIMGB.HOME,0,frequent,1
YUWPFZG,0,dga,1
SFVIKYKANT,0,dga,2
JHUYIWIAYUN.CAG.CONAGRAFOODS.NET.GVMF.CAG,0,other,1
EFH1.COM,0,tld,1
ZJSR.JUMPLINE.CC,0,tld,1
SRJTISK,0,dga,1
NBRSKIGU.AON.BZ,0,tld,1
XZURBDZMQCXYWI,0,dga,1
GLZUPTGQMQ,0,dga,1
PRD1.AZUREDNS-CLOUD.NET,0,tld,1
E.ROOT-SERVERS.NET,0,tld,3
NS1.DYNECT.NET.CN,0,tld,3
SPX.SYNC.YUME.COM,0,tld,1
OXCEPOVXZLDAWN,0,dga,1
QVGCMZSWQXTNZF,0,dga,1
BRANDS-US-ZIPLOC-REDIRECT.TRAFFICMANAGER.NET,0,tld,1
NS4.QHCDN.COM,0,tld,1
ABVLXDOFD,0,dga,1
CMOLJJP,0,dga,1
S1.TANSUOTV.COM.CLOUDGLB.COM,0,tld,1
NS249.COMSCORE.EU,0,tld,1
ZXXGHIOKALQWM,0,dga,1
SFQDQHKTMEKQ,0,dga,1
MATCH.TABOOLA.COM,0,tld,1
IFXFUSLKTAB,0,dga,1
KFFKDSO,0,dga,1
HPCC-PAGE.TEL.CCGSLB.COM.CN,0,tld,3
WF.VIVO.COM.CN,0,tld,1
QSESXWWTMD,0,dga,1
FWQBZYEGXGYDGQ.GATEWAY,0,frequent,1
JINGYAN.N.SHIFEN.COM,0,tld,1
CASH.RBC.RU,0,tld,1
QFZHUJPQM,0,dga,2
QCRATCPP,0,dga,1
WWW.MEITUAN.COM,0,tld,1
ANDERSON-PROJX-PRODUCTION-MEDIA.S3.AMAZONAWS.COM,0,tld,1
AMDC.M.TAOBAO.COM.CHANGHONG,0,dga,1
&EVENTTYPE=CLOSE&REASON=5&DURATION=4899,0,bad_syntax,1
OFGNALRJGC,0,dga,1
_LDAP._TCP.DEFAULT-FIRST-SITE-NAME._SITES.DC._MSDCS.BORDERSTATES.LOCAL,0,rfc6771,1
NS3.MACOMNET.RU,0,tld,1
AU.C-0001.C-MSEDGE.NET,0,tld,1
DISNEY.ES,0,tld,1
FONTS.GOOGLEAPIS.COM,0,tld,1
GRRETXMXUPTY,0,dga,1
FOMEOWUBEN,0,dga,1
OTRFRKZSUU.TELUS,0,other,1
JSHMHKBNFHQTZNY,0,dga,2
SWLROKTSBRTIYPK,0,dga,1
377.076.212.043,0,numeric,1
312.264.040.203,0,numeric,1
VSSTATIC.COM,0,tld,1
LKSQDIDXFSFH,0,dga,1
WPHTCBKKRTC,0,dga,1
NUXBYXYEEPK,0,dga,1
ADASHX4YT.M.TAOBAO.COM,0,tld,1
C.SLATE.ENT.PLATFORM.SH,0,tld,1
150.198.218.58.IN-ADDR.ARPA,0,tld,1
AMVIBORAEAOA.HOME,0,frequent,1
ONLINE.UNIONPAY.COM,0,tld,1
LFXZIYGO,0,dga,1
OAOHHUOIZXQV,0,dga,1
M1.DNSDUN.NET,0,tld,51
WWW.MBWKC.CN.LOCALDOMAIN,0,frequent,1
10.140.72.249,0,numeric,1
INFOC2.DUBA.NET,0,tld,1
BBCT1MGT1.ROOT.LOCAL,0,rfc6771,1
R._DNS-SD._UDP.@\217\207,0,binary,1
NICNET.NIC.IN,0,tld,2
YDOOCIUW,0,dga,1
TRACKER.ISTOLE.IT.HOME,0,frequent,1
FASTLY-TEST.CLIQUE.MEDIA.S3-WEBSITE-US-WEST-1.AMAZONAWS.COM,0,tld,1
AVJPTUQAYEOFBBG,0,dga,1
C.DNS.CN,0,tld,2
KXRKWXPJAGZVKLS,0,dga,1
OWDNZYDGZMAXVAT,0,dga,1
TX2.A.YXIMGS.COM,0,tld,1
CXDGDFOVJQ,0,dga,1
DAVHFOGPR.HOME,0,frequent,1
CVMHBMLDGMHH,0,dga,1
ZROZMJUU,0,dga,1
ALHINDHOLIDAYS.COM,0,tld,1
PZLKPGUSRAKXTL,0,dga,1
ZSNONZE,0,dga,1
YKXFEJC,0,dga,1
AHXUFIPDSLEBSG,0,dga,1
TORRENTSDOWNLOAD.ORG,0,tld,1
MX.VIP.OLIVEMAIL.NET,0,tld,1
WSRHLSXRNN,0,dga,1
RNS2.SO-NET.NET.TW,0,tld,1
FDFQGVQBHHZEG,0,dga,1
G.GTLD-SERVERS.NET,0,tld,2
QPYAAFF,0,dga,1
WWW.DNS2005.COM,0,tld,3
2DMOVIE.COM,0,tld,1
ITDCGQHHGAJYZPH,0,dga,1
XCZ.SINA.COM.CN,0,tld,1
CDNORIGIN.JIJI.COM,0,tld,1
CBWRXXEXYP.RGA.IP,0,other,1
ASK.COM,0,tld,10
TELUGUONE.COM,0,tld,1
10.99.1.40\153{\255\127,0,binary,1
VUCZNLIN,0,dga,1
S3.AP-SOUTHEAST-2.AMAZONAWS.COM,0,tld,1
GJZWGJTXBQOY,0,dga,1
MUZEEO.EH,0,other,1
RES.IMTT.QQ.COM,0,tld,1
MUSICIMAGE.XBOXLIVE.COM.NSATC.NET,0,tld,1
VXYGZBSXERUOJQY.DHCP HOST,0,bad_syntax,1
RARYUFZXWEE,0,dga,1
NS1.STATE.IL.US,0,tld,1
QOMCEMPOHYFNX.DHCP HOST,0,bad_syntax,1
UELBHGQJFIOXSV,0,dga,1
ASTRATEGY.BEACON.QQ.COM.WORKGROUP,0,frequent,1
DTWS.163.COM.WSCDNS.COM,0,tld,1
QDNJOHNK,0,dga,2
TTMYXEHUCGLVR,0,dga,1
BCVAT9Z20FX2N.DF1-NEXMARK-STREAMING-LOA-05222023-F996-HARNESS-W7XQ,0,jumbo,1
DESKTOP-HBVLNBR.SSG-550M,0,other,1
EQVHKNO.DHCP HOST,0,bad_syntax,1
COGNITO-IDENTITY.US-EAST-1.AMAZONAWS.COM,0,tld,1
E8SVC.NET,0,tld,1
1841895885.LOCALHOST,0,rfc6771,1
IWCLEXVKBKNJDAT.RGA.IP,0,other,1
AOZOIETWZUWWAGD,0,dga,1
FNF_ASPIRE_V13.PKITA.NEO,0,other,2
D.SSL.GLOBAL.FASTLY.NET,0,tld,1
GWTKDCRYO,0,dga,1
SIP.OFFICE.STI,0,other,1
OUKADJRY,0,dga,1
USCP-MOBILE-HAWKCENTRAL.PRODUCTION.GANNETTDIGITAL.COM,0,tld,1
AQTOPKXBYJ,0,dga,1
VEJEPSGVWJ,0,dga,1
NS2.USTDATA.NET,0,tld,2
US1-STREAMING.NEO-SVC.UBS.COM,0,tld,1
XQQAUZHWFJCAWF,0,dga,1
CCIT.EDU.TW,0,tld,1
JP.POOL.NTP.ORG,0,tld,1
CSCDNSMEL002D.CSC.COM,0,tld,2
VIP188.CDN3000.COM,0,tld,1
NS4.YANDEX.RU,0,tld,1
133.51.195.49.RBL,0,frequent,1
PABYKVVOYHOAQ,0,dga,1
R6.MO.BAIDU.COM,0,tld,1
DEWWW-AMP.S3-WEBSITE-US-EAST-1.AMAZONAWS.COM,0,tld,1
STEVEN-LENOVO.SEP.LAN,0,frequent,1
IDKLHQCOTNBGW,0,dga,1
LXLZTNRH,0,dga,1
DNSR02.TELECOM.KZ,0,tld,1
UOFZYRT,0,dga,1
DB._DNS-SD._UDP.\131,0,binary,4
HUEEGVDPGEPMCQ,0,dga,1
KMOGOPXPKOSUN,0,dga,1
GLB2.GLBDNS2.MICROSOFT.COM,0,tld,1
ASTRATEGY.BEACON.QQ.COM,0,tld,2
IP-172-30-1-186,0,other,1
SRV.MOFA.GOV.TW,0,tld,1
JGVVVJWAZP,0,dga,1
330.155.261.016,0,numeric,1
VDFKNLYH,0,dga,1
XO31JE8K6AJOQ.WWW.CALOTTERY.COM,0,tld,1
EFJBOSTGUCYEACQ,0,dga,1
ILOEXJDRGAWXUS,0,dga,1
A0.DIG.AFILIAS-NST.INFO,0,tld,2
NS2.MOITEPARI.BG,0,tld,1
IRCFIPZCY,0,dga,1
FE80::883C:A9FF:E5F4:F40A.LEGTA-BGC,0,other,1
TINY.CHINA.QINIU.QNYDNS.COM,0,tld,1
XDTBUBONJY,0,dga,1
JUYDSFVPDWLITFP,0,dga,1
HOMDXQJ,0,dga,1
NS1.DECIDE4.US,0,tld,1
US.PATCH.BATTLE.NET.LOCAL,0,rfc6771,1
KBQMOWIN,0,dga,1
BHFDFTC,0,dga,1
BMKWFGMLDNGG,0,dga,1
QIYHGVOFBYVOUZ,0,dga,1
QVJTCPRQMBVJ.PSSI.LOCAL,0,rfc6771,1
FILE.XMPUSH.XIAOMI.COM,0,tld,1
BSRQYAEUOZ,0,dga,1
QCATQFWTO,0,dga,1
LMMJFGOJQAHDXTY.RGA.IP,0,other,1
ZXCV.3G.QQ.COM,0,tld,2
EFVCHPNS,0,dga,1
_LDAP._TCP.32954C58-DBB5-4FD8-AD97-671CC833F1EE.DOMAINS._MSDCS.RYDING.LOCAL,0,rfc6771,1
WEQFSBJZI,0,dga,1
DHWHWZGNRNLDJ,0,dga,1
IMHWAQYWPZZCFSD,0,dga,1
169.318.18.104,0,numeric,1
XDOASAN,0,dga,1
WWPYPPXDRO,0,dga,1
IMAGE.UCZZD.CN,0,tld,2
CHANGEJIA.CHANGYOU.COM,0,tld,1
ISAPROXY.PERSONAL.CORP,0,frequent,1
MTRACE.QQ.COM,0,tld,2
CSS.STATIC.M1905.CN.SCSDNS.COM,0,tld,1
UPDATER1-2145300818.US-EAST-1.ELB.AMAZONAWS.COM,0,tld,1
UQSJQLFOHZTPKGW,0,dga,1
KM01CB36UOP9.DOMAIN,0,frequent,2
KYOMOWUXK,0,dga,1
NS5.HUPO.COM,0,tld,1
RENGIN.CO.S3-WEBSITE-US-EAST-1.AMAZONAWS.COM,0,tld,1
DYXAQECXW.RGA.IP,0,other,1
FORTHQYP,0,dga,1
ABDULAZIZ.SERVER,0,frequent,1
NWGFQIOFWJYH,0,dga,1
INMOBI.CIM,0,other,1
VRGWHZLGMPPZQS,0,dga,1
MLCYICEE,0,dga,1
AKPDNYOYC,0,dga,1
OVKPEGAWRXBBUE.RGA.IP,0,other,1
WWW.DOWNLOADSOUTHMP3.COM,0,tld,1
ATWSLACN,0,dga,1
A.NS.MAILSPIKE.NET,0,tld,1
BWSPEJGTWZ,0,dga,1
170.136.337.015,0,numeric,1
ZOKICERKDHTY,0,dga,1
FTLNCJS,0,dga,1
190.34.101.55.IN-ADDR.ARPA,0,tld,1
VJFKLKL.HOME,0,frequent,1
FILES.FZMOVIES.NET,0,tld,1
166.275.207.174,0,numeric,1
PUJDVWTBM.RGA.IP,0,other,1
NS4.IQMETRIX.COM,0,tld,2
FIRST.SCARBOUR.COM,0,tld,1
UJPQJCITPTWVAKR,0,dga,1
FVWEXAFTXCPBXJR,0,dga,1
GZVKDYI,0,dga,1
NS2.NITROSERVE.COM,0,tld,1
XYKCBJPJYP,0,dga,1
CKURJFBUWEAMJN,0,dga,1
10.226.32.56\255\127,0,binary,4
KFHBKJNZ,0,dga,1
ANDROID.GOOGLEAPIS.COM,0,tld,1
PC-20121031NCEJ.DHCP HOST,0,bad_syntax,1
ZOCEAOQAGXQCTLD,0,dga,1
GDS%20PAY%20ARREAR%20CALCULATAR,0,bad_syntax,1
047.314.125.073,0,numeric,1
FVZYDBOSVUYT,0,dga,1
DFW01-ACCEL49,0,other,1
10.253.0.11D\255\127,0,binary,4
NS1.CONTINENT8.NET,0,tld,1
R._DNS-SD._UDP.\2167\164,0,binary,2
142.314.236.012,0,numeric,1
NONEXISTINGSUBDOMAIN6A1E1A4C.10.67.252.11.FRITOLAY.PVT,0,frequent,1
SOET.IN,0,tld,1
STDGWPANWUVFMG,0,dga,1
I1.WEATHER.OPPOMOBILE.COM,0,tld,1
BEZGPPIFZF,0,dga,1
INTERNETSCAN.BIZ,0,tld,2
KVIDEX.NET,0,tld,1
EUSYSTAF.GILMORE,0,dga,1
NTS3MP.FELDA.NET.MY,0,tld,1
ALL-TORRENTS.1080P.SPACE,0,tld,1
NORTHCOASTCHURCH.COM,0,tld,1
BAGGI.COM,0,tld,1
MASECU.KINGTIA.COM.172.16.1.254,0,numeric,1
KABFEXXNAHJPH.GATEWAY,0,frequent,1
D6768432054E26638CAD77EEAFFD9C87-APPXXNODE1XX5502887629E46.NODE1.TS.FEEDBACK.71.AM.DHCP,0,frequent,1
ORDPBBRBGMBJC,0,dga,1
MQXRHVMAOMMOM,0,dga,1
08911.ECOMA.OURWEBPIC.COM,0,tld,1
NUGKLJRNNDHIFYE,0,dga,1
4219.PKT.PERKONS.COM.LOCALDOMAIN.COM,0,tld,1
GONAUWZJX,0,dga,1
UGQLTMCX.HOME,0,frequent,1
_AAPLCACHE._TCP.LAILAIHOTEL,0,dga,1
GTNHULIHNNERW,0,dga,1
RAZNIRUQP,0,dga,1
INFO.GGSAFE.COM,0,tld,1
KDXJIUKCTGRH,0,dga,1
23FMRA.WWW.UWY3.WIN16130,0,other,1
MTXITBU,0,dga,1
DB._DNS-SD._UDP.`\2466,0,binary,4
_DMARC.3AERO.LOCAL,0,rfc6771,1
IAOKPJQPZUWXXH.HOME,0,frequent,1
A.ORAYIMG.COM,0,tld,1
155.3.233.10.IN-ADDR.ARPA,0,tld,1
RGAJNFDEXFK,0,dga,1
ORIGIN-API1.BRIN.BLOOMBERG.NET,0,tld,1
A.SHOPULARAPP.COM.DOMAIN,0,frequent,1
PQYPSOUFH,0,dga,1
VTHKQHVDGNVX,0,dga,1
FLINSXY,0,dga,1
ZZOYFPG,0,dga,1
AYQOBKAM,0,dga,1
WAC154.SYD,0,other,1
CC00033.H.TEL.CCGSLB.COM.CN,0,tld,1
522071574.INVALID,0,rfc6771,1
FQVXW.COM.BLMAIL.RBL.35.COM.LOCALDOMAIN,0,frequent,1
IOYEFBPWDJS,0,dga,1
42.31.101.55.IN-ADDR.ARPA,0,tld,1
WSBDMZJOJB,0,dga,1
JOJQWYZPCLSYT,0,dga,1
XQTLTDSXEWHDQ,0,dga,1
V.MAP.BAIDU.COM80808080808080808080,0,jumbo,1
HUQLSHQLMI,0,dga,1
HJTIWJUEJUHDPND,0,dga,1
NS3.SNAPFISH.COM,0,tld,1
FRD1VMAEAPP02P.MES.DRS.MASTER,0,other,1
3GIMG.QQ.COM.ADMIN.TOTOLINK,0,frequent,1
PMPFEJEUQNZYCM.WIMAX,0,other,1
CD3B22264F572BB3C0258D5AB73BA60E.360WZB.CN,0,tld,1
WWW.JZKDC.CN.LOCALDOMAIN,0,frequent,1
HUB5SR.SHUB.SANDAI.NET,0,tld,1
MHFFFBJJLQVCSY,0,dga,1
1583864546.LOCALHOST,0,rfc6771,1
QJCDLBJNPG,0,dga,1
NS1.NETCOLOGNE.DE,0,tld,2
PNUGGSWO,0,dga,1
YVEUNQMN,0,dga,1
XWMHHRGKCNWH,0,dga,1
AHRKVKOWFV,0,dga,1
ZEDVCVLDGRCC.REALTEK,0,frequent,1
JCLHZIWQUHI,0,dga,1
EGZCAWYRXOCY,0,dga,1
US-EAST-1-A.ROUTE.HEROKUAPP.COM,0,tld,2
10.30.0.19\251\142\255\127,0,binary,5
DNSST2.SAMSUNG.COM,0,tld,1
NCGOCCF,0,dga,1
NS4.GOOGLE.COM,0,tld,1
CEPH-DEMO,0,other,1
WCUIWBLEVY,0,dga,1
NS.SI-TEK.NET,0,tld,2
MEOWEOKG,0,dga,1
BCDEFMM,0,dga,1
OPFYVQZVJL,0,dga,1
KXHNIPVDFHSLQFX,0,dga,1
16-0.19-A7000071.10081.170C.C42.3EA5.410.0.ZBT1ESSKMVMQEHRJH3MI4ZFGB5.AVTS.MCAFEE.COM,0,tld,1
ZHRBOOQ,0,dga,1
25.34.101.55.IN-ADDR.ARPA,0,tld,2
MAIL.DOCSINGL.CPP,0,other,1
IUMBMHEV,0,dga,1
PER-CORP-SH01.INMARSAT.LOCAL,0,rfc6771,1
ODYDTWZ.DHCP HOST,0,bad_syntax,1
NS4.LEASEWEB.NET,0,tld,1
DISPATCH.INTEGRATE.UPDRV.COM,0,tld,7
BDMLPUIBQET,0,dga,1
DATA.FLURRY.COM,0,tld,1
NS2.TRIJITHOST.COM,0,tld,2
RRJCVGAZJLG,0,dga,1
S3-3-W.AMAZONAWS.COM,0,tld,3
T.APPSFLYER.COM.HOME,0,frequent,1
Y.A.SOHU.COM,0,tld,1
RDNS2.ALIDNS.COM,0,tld,1
UOFL16-MP078PR3.ONCAMPUS.LOCAL,0,rfc6771,1
CASPER.COM.S3-WEBSITE-US-EAST-1.AMAZONAWS.COM,0,tld,1
QEIVHGLUJEUYR.HOME,0,frequent,1
HGHNENYJ,0,dga,1
198.91.158.203.IN-ADDR.ARPA,0,tld,4
NS3.APNIC.NET,0,tld,2
_KERBEROS._TCP.DC._MSDCS.192.168.0.8,0,numeric,1
LV3NS9.FFDNS.NET,0,tld,2
LQLKELWAC.DHCP HOST,0,bad_syntax,1
101.42.101.55.IN-ADDR.ARPA,0,tld,1
EMIUETSTY,0,dga,1
RJ-SLT-12936.FORTSMITH.PRIVATE,0,frequent,1
CAMSYS,0,other,1
ACERTWP.COM.TW,0,tld,1
ZMCNUAYBHKCUZX,0,dga,1
ARI.DELTA.ARIDNS.NET.AU,0,tld,2
ORIGIN-WWW.ASDAGOODLIVING.CO.UK,0,tld,1
HGTV.COM,0,tld,1
JGJIMFCDAR.DHCP HOST,0,bad_syntax,1
PJIGNIHRVSF,0,dga,1
KWTLJWUF,0,dga,1
NS2.HUPO.COM,0,tld,1
CWTESTJVTOR.HOME,0,frequent,1
152.051.310.302,0,numeric,1
WWW.AMAZON.COM,0,tld,1
D4EE071D9F98.1495509601.CC.HIWIFI.COM,0,tld,1
CVGRTORVQCIEUA.HOME,0,frequent,1
EXTDNS008.FORD.COM,0,tld,1
SYJQFSGNZXHRY,0,dga,1
CEAVJMJ,0,dga,1
35.1.263.173,0,numeric,1
HVSOZYVNQQM,0,dga,1
UPDATE.SSOCOM.NET.HB.LOCAL,0,rfc6771,1
STORE2.ESELLERATE.NET,0,tld,1
184.157.238.104.IN-ADDR.ARPA,0,tld,1
FFZDGOYNRIA.DHCP HOST,0,bad_syntax,1
F.GTLD-SERVERS.NET,0,tld,1
HCXXJOIMSBWQ,0,dga,1
YCCUAZDAZB,0,dga,1
CUZCJLVLHC,0,dga,1
GCUHLUMPGVAP,0,dga,1
ZHOULEIDE-IPAD,0,other,1
CONNECTIVITYCHECK.ANDROID.COM,0,tld,1
NS1.NEWTRIER.K12.IL.US,0,tld,1
COAUXCJWBJOUD,0,dga,1
VANZAVBAHKTJ,0,dga,1
NS15.OVH.NET,0,tld,1
ARRAY(1\0442\0443\0444\0445\0446\0447)\044,0,bad_syntax,1
YCEZFQWRNE.RGA.IP,0,other,1
DR._DNS-SD._UDP.\232\182\251,0,binary,1
ZBQQSTASTDLBS,0,dga,1
0.CISCOSB.POOL.NTP.ORG,0,tld,1
YYOBKBLB,0,dga,1
ORIGIN-US-FASTSTREAM02.ECOMSTREAMING.COM,0,tld,1
362.251.126.377,0,numeric,1
M.QPIC.CN,0,tld,1
LIVEUPDATE7.DRIVERGENIUS.COM,0,tld,1
HEWDAAKYLE.NA.KOF.CCF,0,other,1
QBVXMYHL.RGA.IP,0,other,1
NS-1AND1.UI-DNS.DE,0,tld,1
STNBXHJIDDIPJD,0,dga,1
PAY.CYG.CHANGYOU.COM,0,tld,1
WWW.9SEE.COM.WSCDNS.COM,0,tld,1
PHCXARHJHPEZ,0,dga,1
NZYOHENU,0,dga,1
JZSSJAJCQVXV,0,dga,1
DB._DNS-SD._UDP.\196,0,binary,2
_MSSMS_MP_PET._TCP.PETRON.LOCAL,0,rfc6771,1
FBFYMJSJEHNE,0,dga,1
R._DNS-SD._UDP.(ZP\0010C\177,0,binary,2
BLBEWIM,0,dga,1
CCH331-B20SN32,0,other,1
PREPAREYOURUPLINK.SU,0,tld,1
INTERACTION-HTTP-KR2.SAMSUNG-SVOICE.COM,0,tld,1
YMVZMPRGWPOKC,0,dga,1
OPPOPIC.XDWSCACHE.OURGLB0.COM,0,tld,1
CRATFGYSO,0,dga,1
DLGWRBKFVB,0,dga,1
TGLSHAQMHQZI,0,dga,1
XZOURJYAZUHL,0,dga,1
WWW.WIKIPEDIA.COM,0,tld,1
R._DNS-SD._UDP.@F\212,0,binary,4
ORIGIN-APAC1.BRIN.BLOOMBERG.NET,0,tld,1
MAAJCDKRBMJS,0,dga,1
HUB5P.SANDAI.NET,0,tld,2
KMWEOIVLODWX,0,dga,1
40.126.154.104.IN-ADDR.ARPA,0,tld,1
DLV.ISC.ORG,0,tld,1
UMGYGYH,0,dga,1
ZMJVAYCBTJRNEZL,0,dga,1
NS1.IMRK.NET,0,tld,1
AP7006H,0,other,1
WWELADCPKZGEG,0,dga,1
ORG,0,tld,2
G-NS-493.AWSDNS-44.NET,0,tld,1
MJSNTOSBRVAHD.TELUS,0,other,1
NS2.SPACEWAN.NET,0,tld,1
D.PAPER.I4.CN.CDN20.COM,0,tld,1
GOD,0,other,1
ALITRIP.980099.COM,0,tld,1
IADBDQUF,0,dga,1
IP-10-202-2-36,0,other,1
NPXVNDN,0,dga,1
AWIGINC.COMG,0,other,1
LORNSCC141.OR.KP.ORG.LOGAPP,0,other,1
YNFAVXBSQQ.RGA.IP,0,other,1
STAMPCOLLECTIONCENTER.COM,0,tld,1
EKNJMVRKYDCT,0,dga,1
AU.SHOPPING.COM.HOME,0,frequent,1
SLSHUQPPCH,0,dga,1
JTRQZAFXC,0,dga,1
A12-193.AKAMAITECH.NET,0,tld,1
_KERBEROS._TCP.DEFAULT-FIRST-SITE-NAME._SITES.WALSRODE.LOCAL,0,rfc6771,1
UPJERWJWSDJPYWW,0,dga,1
102.0.34.7.0.RST6.R.SKYPE.NET,0,tld,1
08911.XDWSCACHE.OURWEBPIC.COM,0,tld,1
HAJ9P9MFJO1IO.DRELAIS-CHATEAUX.BBT,0,tld,1
197.193.101.87.BL.SPAMCOP.NET,0,tld,1
YXUHKUETDNNBL,0,dga,1
LIST.3.LOGMEIN-GATEWAY.COM,0,tld,1
HELPDUBACLIENT.KSMOBILE.COM,0,tld,1
001.152.127.360,0,numeric,1
JDPAVEUXLHHVOBY.WORKGROUP,0,frequent,1
BRWD85DE244E3B3.HOME,0,frequent,1
NS1.NEWSMAX.COM,0,tld,2
_LDAP._TCP.DEFAULT-FIRST-SITE-NAME._SITES.DYNDEV.LOCAL,0,rfc6771,1
Y.ARIN.NET,0,tld,1
ORIGIN-CAMSERVICE.GANNETTDIGITAL.COM,0,tld,1
NDTOZVY,0,dga,1
PEPWAP08264.CWW.PEP.PVT,0,frequent,1
NYFLNJWVYHPQT,0,dga,1
WWW.ILTERRAZZINOSUBOBOLI.IT,0,tld,1
NS.BANCOPARIS.CL,0,tld,1
DEVLABEX02.EXROOT.LOC,0,frequent,1
ARPA,0,tld,6
UWBXXHYCRHO,0,dga,1
JJXKWCPFE.DHCP,0,frequent,1
IYAAEXAL,0,dga,1
IPT0240.IPT.LOCAL,0,rfc6771,1
HYZFRKFQLWTSC,0,dga,1
DESAKXZPM.HOME,0,frequent,1
PLAUGYY,0,dga,1
ORIGIN-TESTGAME1.FUNIPOLL.COM,0,tld,1
IBR8.BDSTATIC.COM,0,tld,1
UFVSPTCVHH,0,dga,1
IERPAUQROXS,0,dga,1
GBCREWVADC3.CORP.GLOBAL.LEVEL3.COM.DEV.TWTELECOM.PVT,0,frequent,1
MESSPUSH.SEEYOUYIMA.COM.DHCP,0,frequent,1
ASERVER-HEYI.M.TAOBAO.COM.GDS.ALIBABADNS.COM.ROUTER,0,frequent,1
TSQPXXWYMO,0,dga,1
NETDNA-SSL.COM,0,tld,1
NS2.PENDINGRENEWALDELETION.COM,0,tld,2
SGHA1495509882443.TRACE.TERM.CHINACACHE.COM,0,tld,1
HFWUDUZR,0,dga,1
RNS1.SO-NET.NET.TW,0,tld,1
GYJOCZRZODUTIQK,0,dga,1
OPEN01F.BAIDUPAN.COM,0,tld,1
KRISH5-2-7084,0,other,1
QYEBEXMXCXYWYX,0,dga,1
NTKPHBSYUC,0,dga,1
STATS.JPUSH.CN.DOMAIN,0,frequent,1
97.136.11.218.IN-ADDR.ARPA,0,tld,1
VTBWMRSPCVWWCX,0,dga,1
BROWNSCAR.COMG,0,other,1
T311.CHINA.LINE.QINIUDNS.COM,0,tld,1
ZKAITWIFPUTJFUV,0,dga,1
4406.PKT.PERKONS.COM.LOCALDOMAIN.COM,0,tld,1
S0.2MDN.NET,0,tld,1
PALBENKO.WS,0,tld,1
COM,0,tld,1
\200\204\019\184X\0220\184\003,0,binary,1
GFXXTRA.UNBLOCKED.CAM,0,tld,2
QBIECKV,0,dga,1
NS1.DYNECT.CN,0,tld,2
XVJWKQDRCMJ,0,dga,1
PIC.BUKA5.COM.LOCALDOMAIN,0,frequent,1
JOKHBHPJHJUQVHK.PK5001Z,0,other,1
WWW.TAOBAO.COM,0,tld,3
TIME-IOS.APPLE.COM,0,tld,1
XCUZZORVKHQ,0,dga,1
NS11.TEX-AN.NET,0,tld,1
LHS-COUNSEL-02.LHSHEALTH.LOCAL,0,rfc6771,1
E11100.G.AKAMAIEDGE.NET,0,tld,1
VYJVSGLWVOT,0,dga,1
RPOPIDA,0,dga,1
JOASHPBZ,0,dga,1
131.121.176.70.IN-ADDR.ARPA,0,tld,1
ORIGIN-SERVICES-SMARTDERIVATIVES.BNPPARIBAS.COM,0,tld,1
CSCDNSSYD002D.CSC.COM,0,tld,2
PAYMENT.HUAJIAO.COM,0,tld,1
SYLLABUS-PRODUCTION.S3-WEBSITE-US-EAST-1.AMAZONAWS.COM,0,tld,1
WWW.MCFBC.CN.LOCALDOMAIN,0,frequent,1
HFPAJGRTAAHPS,0,dga,1
CHT.COM.TW.RHSBL.AHBL.ORG,0,tld,1
6=>ARRAY(\034AREANAME\034=>\034\228\184\156\229\140\151\034\044\034PROVINCES\034=>ARRAY(24\0447\04427))\044,0,binary,1
YCDCEWPHRB,0,dga,1
CHANTAGE.GILPIX.IR.PARSIJOO,0,dga,1
S2.ICTO-4075-14.G9.Z,0,other,1
UJQGLWV.BELKIN,0,frequent,1
OURDVS.COM,0,tld,1
NS.QOSS.COM,0,tld,1
NS4.CONTOSO.CO,0,tld,2
HJGKFVKVAW,0,dga,1
161.347.234.261,0,numeric,1
NS2.QOSS.COM,0,tld,1
NS3.GOOGLE.COM,0,tld,1
THPPFBOQGTT.HOME,0,frequent,1
DJSDEPBG,0,dga,1
P.YOUKU.COM,0,tld,1
GYYBIJGKHT.HOME,0,frequent,1
WYPVLDZRNTHBYUL,0,dga,1
G.GGXT.NET,0,tld,1
CDC2-ORIGIN-PSAAS-ACCESSPORTALQAF1.JPMORGAN.COM,0,tld,1
WWW.CRICKET24LIVE.COM,0,tld,1
94.220.194.220.IN-ADDR.ARPA,0,tld,1
WWW.QCHANNEL01.CN,0,tld,1
O5CK9RZVN-OPG.WWW.VIVERSEMDROGA.COM.BR,0,tld,1
ST.TARGETIX.NET.KWIT.LOCAL,0,rfc6771,1
CLUSTER01-GNS.BANCLUSTER.SLCC.EDU,0,tld,1
ADNS2.DEVRY.NET,0,tld,1
BIANFENG.XDWSCACHE.OURGLB0.COM,0,tld,1
KPGZHAQYELONS,0,dga,1
AYBFNLIA.HOME,0,frequent,1
FEBEVXSQRJFZBY,0,dga,1
RFJNHSHKSRM,0,dga,1
71.95.254.60.IN-ADDR.ARPA,0,tld,3
EDEBEWOBOXEEJNP.HOME,0,frequent,1
WWW.MDMGC.CN.LOCALDOMAIN,0,frequent,1
X.A.SOHU.COM,0,tld,1
CLOUD1.AEGINS.NET,0,tld,1
RBMSWYYUUFWRY.RGA.IP,0,other,1
112.142.133.315,0,numeric,1
H.LARTINITO.COM,0,tld,1
275.176.252.372,0,numeric,1
WWW.JIUMENZHAI.COM,0,tld,1
IPREP5.ELITEC.CTMAIL.COM,0,tld,1
AD1.WINDOWSCLUSTER.LOOPIA.SE,0,tld,1
GCCLCLRXLOQBW,0,dga,1
LHRIUYGPWNJIYA.HOME,0,frequent,1
Z.MOATADS.COM,0,tld,1
DAKIUXDMO,0,dga,1
IY5GBYYJVEQRN.HHSMINQECX,0,dga,1
DNS.MSFTNCSI.COM,0,tld,2
LJQQLWFIMWNP,0,dga,1
ORIGIN-WEBMAIL.DELOITTE.COM,0,tld,1
WWW.DANA-NET.COM,0,tld,2
D0.DIG.AFILIAS-NST.INFO,0,tld,2
R._DNS-SD._UDP.H)\179\0028\230\171\002,0,binary,1
XATPBZOAXWI,0,dga,1
FJKXQQQSJICI,0,dga,1
ROQSAQRZNIFN.HOME,0,frequent,1
ROI6HC2F1ICFZSGGMO7EICR6YDQ46MKM,0,jumbo,2
AD ACTIVE,0,bad_syntax,1
PACRIMERECORDS.WS,0,tld,1
WWW.MJXFC.CN.LOCALDOMAIN,0,frequent,1
ERAJSVR.RGA.IP,0,other,1
ZXYKFQRELTPR,0,dga,1
C-ISILON.FDC.FSSPRUS.LOCAL,0,rfc6771,1
DR._DNS-SD._UDP.\240\204A\001,0,binary,1
FE80::4A3:6040:40A5:C1FE.HOME,0,frequent,1
XNTAINHUQZ,0,dga,1
ROTWJVN,0,dga,1
KLMFJQZRM,0,dga,1
TLSRV004,0,other,1
WWWJIO.COM,0,tld,1
NS3.VOWIFI.SPCSDNS.NET,0,tld,1
VTRLHXO,0,dga,1
ARMZVQJBGBCHP,0,dga,1
SQM.TELEMETRY.MICROSOFT.COM,0,tld,1
GDUQXJTWUOM,0,dga,1
IXRRCAHNY,0,dga,1
DNSSM2.SAMSUNG.COM,0,tld,1
1STCNCLOUDSTABLE.CLOUD.OURWEBPIC.COM,0,tld,1
M.DNS.PY,0,tld,1
TAGS.MATHTAG.COM,0,tld,1
LOG.UMSNS.COM,0,tld,1
17.174.99.10.IN-ADDR.ARPA,0,tld,1
P39-KEYVALUESERVICE.FE.APPLE-DNS.NET,0,tld,1
HPNYZIXPW,0,dga,1
SSLWIDGET.CRITEO.COM,0,tld,1
USER-20170408PR.DHCP HOST,0,bad_syntax,1
NS2.UC.CN,0,tld,2
CIYXFQB,0,dga,2
ERZDKALOJ,0,dga,1
M.CPSSQZST.COMAUP0TW,0,other,1
GCILRUFJTLPJ,0,dga,1
ALARM1.COM,0,tld,1
INSOMAVPPOD05B.CORP.INTRANET,0,frequent,1
YGXJAYQKPXA,0,dga,1
MSG.IQIYI.COM,0,tld,1
UDCATTSYI,0,dga,1
ADASH.M.TAOBAO.COM,0,tld,1
NS1.NITROSERVE.COM,0,tld,1
DNBNHBIAXHN,0,dga,1
EAMEKURD,0,dga,1
PC-201705170957.DHCP HOST,0,bad_syntax,1
THBEBBRUOSSK,0,dga,1
DHATAZTC.HOME,0,frequent,1
NETMONITOR,0,dga,1
GOODEGGS-IT-ACCOUNTS-UI.S3-WEBSITE-US-EAST-1.AMAZONAWS.COM,0,tld,1
10.199.76.191,0,numeric,1
YABCNBEPTKUK,0,dga,1
254.6.129.10.IN-ADDR.ARPA,0,tld,1
DNL-19.GEO.KASPERSKY.COM,0,tld,1
B0.ORG.AFILIAS-NST.ORG,0,tld,2
10.1.100.120-10.1.100.127,0,numeric,1
M2K515.PISHAN168.COM,0,tld,1
78.37.101.55.IN-ADDR.ARPA,0,tld,1
ADOLFOAPPLES.BID,0,tld,1
270.210.165.046,0,numeric,1
ZDSECQYCMIP,0,dga,1
DAQWJUPNZXJGGM.RGA.IP,0,other,1
_LDAP._TCP.B6B4912C-21EA-4874-B8C0-97BD9B0B9586.DOMAINS._MSDCS.SHERMCO.IND,0,other,1
DDS-NS02.MMSERVER.COM,0,tld,1
VQQPCJVVFRL,0,dga,1
IGSSGWMWAN,0,dga,1
194.270.135.74,0,numeric,1
58.26.211.171.CDL.ANTI-SPAM.ORG.CN.LOCALDOMAIN,0,frequent,1
KJMLNWIANY,0,dga,1
LHSZBVYPYJTT,0,dga,1
LCIBZZQWERBCN,0,dga,1
NS1.MCM.IMOXIU.COM.LAN,0,frequent,1
100.307.344.147,0,numeric,1
DATA.MISTAT.XIAOMI.COM,0,tld,1
RRBOXUXS,0,dga,1
PRD4.AZUREDNS-CLOUD.NET,0,tld,1
GVARJXYRRIJI,0,dga,1
IAHOCLAFWDDBHTD,0,dga,1
_LDAP._TCP.DC._MSDCS.PNMR.INTERNAL.CORP,0,frequent,1
RMNFVCD,0,dga,1
V.P.XFWE2.CHX.LOCALDOMAIN,0,frequent,1
ZLPZIKEU,0,dga,1
NS1.ZAJIL.NET,0,tld,1
LRJURQZMAL,0,dga,1
TEST.API.3G.YOUKU.COM,0,tld,1
EO6BDVJ5-4.INF.NEO,0,other,1
110.140.218,0,numeric,1
HT.JIANZHI8.COM,0,tld,1
75.28,0,numeric,1
LOCALHOST,0,rfc6771,1
EMM-B-PSAAS.JPMORGAN.COM,0,tld,1
ZABLKCMOSHB,0,dga,1
JCHZMZIOQKPWGJ.HOME,0,frequent,1
JGQYHVFZPL,0,dga,1
WWW.MCXGC.CN.LOCALDOMAIN,0,frequent,1
HTTP.TADCOM.IS.TIMENDATE.COM,0,tld,1
ANS2.HINET.NET,0,tld,1
HRUNUMB,0,dga,1
DISTRIBUTION-CONTENT-PUGPIG-DEV.S3-WEBSITE-EU-WEST-1.AMAZONAWS.COM,0,tld,1
SV_YKDATA.SBS.LOCAL,0,rfc6771,1
NS2.ULRIC.UK,0,tld,1
INNMCVOZ,0,dga,1
YFZQIEPYXE,0,dga,1
CBCYNHLAHVNTXB,0,dga,1
FWBWROTOVKWDVHT,0,dga,1
NS4.USCG.MIL,0,tld,1
GAQGXTAFWAS.HOME,0,frequent,1
OCPZBPUOTS,0,dga,1
108.4.95.168.DNSBL.SORBS.NET,0,tld,1
QYLWFTNEQFMRC.KAR-TEL.LOCAL,0,rfc6771,1
QBGJRZTGRKUT,0,dga,1
NS4.UC.CN,0,tld,2
XG4KEN.COM,0,tld,1
KSHNXPHK.HOME,0,frequent,1
JFFDAUIKWJVCBLZ.HOME,0,frequent,1
NS-1562.AWSDNS-03.CO.UK,0,tld,1
WAC146.SYD,0,other,1
UPDATE-CLOUD.I.360OVERSEAS.COM.HOME,0,frequent,1
TERZQUKVQZSD,0,dga,1
QKKPITJBX,0,dga,1
EONINKMWIG.HITRONHUB.HOME,0,frequent,1
QNOLRLTUMKWRU,0,dga,1
KOKZFHDYMMXKQP.RGA.IP,0,other,1
NS2.ASEIT.COM.AU,0,tld,2
B._DNS-SD._UDP.P\150\013\001,0,binary,8
JPT450S.SLK.INF.NEO,0,other,1
RPVSAJCTRC,0,dga,1
QZHMKVXIOYG,0,dga,1
HTZWIZVDKYVB,0,dga,1
SOLR.US_RM_SEARCH.ITEM.C001.R003.35.1.1488940035,0,numeric,1
OHMOGWG,0,dga,1
PUREGRAFFITI.COM,0,tld,1
NS.CH1IL.UVP.ELS-AN.ATT.NET,0,tld,3
PWYEM.AT.ZFF.COM.SLMAIL.RBL.35.COM.LOCALDOMAIN,0,frequent,1
36.18,0,numeric,1
330.153.046.065,0,numeric,1
AWSWS0458.AMERIPATH.LOCAL,0,rfc6771,1
SRXLCCZWYJYHIJC,0,dga,1
322.043.260.120,0,numeric,1
FOJEGGMAAWVTTU.DHCP HOST,0,bad_syntax,1
ROABGRSLQVOMLBC,0,dga,1
_LDAP._TCP.DEFAULT-FIRST-SITE-NAME._SITES.DC._MSDCS.WSCPA.LOCAL,0,rfc6771,1
NS2.BITXBIT.COM,0,tld,1
067.131.024.031,0,numeric,1
TVAX4.SINAIMG.CN,0,tld,1
CHNTWDZGHCGADZ,0,dga,1
RIKGGMDQKRNHU,0,dga,1
DSRNNYEOCEBRK,0,dga,1
YNOMKJXRS,0,dga,1
APP.58.COM,0,tld,1
ISATAP.FISERVISD.FISERVISDROOT.LOCAL,0,rfc6771,1
GVSBXLNOBHHPJ,0,dga,1
YZLNWWFYTFCC,0,dga,1
XEZHQGNEQXEH,0,dga,1
S2.ICTO-4059-13.G9.Z,0,other,1
ZTYVACZPNEMXZEW,0,dga,1
YFMCATEUFITM,0,dga,1
WWW.SOHU.COM,0,tld,2
NJSQ,0,other,1
BJ.CENTANET.COM,0,tld,1
XA.ESF.LOUPAN.COM,0,tld,1
YEUGMIWUUKRR,0,dga,1
T0018B0356386,0,other,1
UCVQQTUEPNGIV,0,dga,1
WWW.CHINAGWY.ORG.CDN20.COM,0,tld,1
WWW.FC3DSHIJIHAO.COMNFVNX5,0,other,1
NS2.TRANSIP.EU,0,tld,1
VLFWQCHIRK,0,dga,1
URIUSQUFPTSTI,0,dga,1
NS3.CONTOSO.CO,0,tld,2
HJYGOMCPR,0,dga,1
NS3.MSFT.NET,0,tld,5
TREMTREMTMREMT.FYZRZER,0,dga,1
MAJOR.ACTICES.COM,0,tld,1
PC001088.PMP.LOCAL,0,rfc6771,1
QYJRHNUDB,0,dga,1
LRLOHODZUS.HOME,0,frequent,1
30.172.IN-ADDR.ARPA.NRT8-1.EC2.SUBSTRATE,0,dga,1
WDVSZCIEGSGMXI,0,dga,1
EXRNBWFGS,0,dga,1
A26-128.AKADNS.ORG,0,tld,1
KVSIJQNIYQ.RGA.IP,0,other,1
VTDJPGL.PK5001Z,0,other,1
4UJNGBDQQM6T2C53.ONION.TWO,0,other,1
KPMCFNJNIEHR,0,dga,1
WFIZNXN,0,dga,1
XDSAKNJYLPFNWVC,0,dga,1
CONFIG.51Y5.NET.DHCP,0,frequent,1
GCMIZKDKWITNXZA,0,dga,1
GTTAVHNFFQGIKDJ,0,dga,1
OFGVLRYNS,0,dga,1
I.INSTAGRAM.COM,0,tld,1
LKZZZMIU,0,dga,1
KOSLJBT,0,dga,1
JDUGKBCCX,0,dga,1
JQGZYWXSAUQE,0,dga,1
1648494271.INVALID,0,rfc6771,1
C4AS.LOCAL,0,rfc6771,1
UDIFOHOZYRSO,0,dga,1
AUTH01.NIANET.DK,0,tld,1
HDPMVBOHISS,0,dga,1
ZRAJGXCWQRQ,0,dga,1
ZUTXYELARNI,0,dga,1
CLOCK-E.AKAMAI.COM,0,tld,1
KYKNWFUYLOGA.DHCP HOST,0,bad_syntax,1
CLZRUPPVOYRWLRA.BLINKAP,0,frequent,1
ZOSDOZT,0,dga,1
SHDDCXHEQDKANU.EC2.INTERNAL,0,frequent,1
W.A.SOHU.COM,0,tld,1
LV3NS2.FFDNS.NET,0,tld,1
MQTT.C10R.FACEBOOK.COM,0,tld,1
NS.AL1GA.UVP.ELS-AN.ATT.NET,0,tld,1
&EVENTTYPE=CLOSE&REASON=3&DURATION=658,0,bad_syntax,1
MIN.TU.AT.SPDBCCC.COM.CN.WLMAIL.RBL.35.COM.LOCALDOMAIN,0,frequent,1
UTELGAZ,0,dga,1
TEST-STYLEGUIDE-1845644232.US-EAST-1.ELB.AMAZONAWS.COM,0,tld,1
VEZPYFKEAGZ,0,dga,1
SSKFGJHQ,0,dga,1
5SECONDSAPP.COM.RGA.IP,0,other,1
MXYMKWSQW,0,dga,1
FLASHTALKING.COM,0,tld,1
EVERGAGE-PUBLIC.S3.AMAZONAWS.COM,0,tld,1
XNAPVTDPKZ,0,dga,1
SISHDKATYX,0,dga,1
ZTLPUKDZOTLGZQW,0,dga,1
COMCAST.MET,0,other,1
UJYPDKEGXMS,0,dga,1
NS2.DSREDIRECTION.COM,0,tld,1
NS.CL1OH.UVP.ELS-AN.ATT.NET,0,tld,2
8EHRCH.T.H5YH.C5.LOCALDOMAIN,0,frequent,1
SISCSCPAO,0,dga,1
AKZYDANJDD,0,dga,1
COMPAGNIE.SCIENCE,0,tld,1
HXDWFQJU,0,dga,1
COLLECT.MUSIC.MEIZU.COM,0,tld,1
QDYLTPG,0,dga,1
ONTBNGVTY,0,dga,1
JX3GC.AUTOUPDATE.KINGSOFT.COM.CACHECN.COM,0,tld,1
S.TIAOU.COM,0,tld,1
RYFLCPQA,0,dga,1
KHXBHOLBEE.NEWYORK.HOTEL,0,other,1
NAPNS02.CVC.COM.BR,0,tld,1
GYNUITY.ORGG,0,other,1
OHGJQANAYAGHFO,0,dga,1
BKIZEHZYPBB.RGA.IP,0,other,1
NSA4.SRV53.NET,0,tld,1
20.133.145.132.IN-ADDR.ARPA,0,tld,1
EXMONBQSNFULP,0,dga,1
WWW.ZHURNAL-HOMES-COLLECTION_14.HTM,0,frequent,1
S3-1-W.AMAZONAWS.COM,0,tld,4
OTV0VKJBGT08R.WWW.SGKB.CH,0,tld,1
135.005.272.275,0,numeric,1
ITYKLYOVSRQRVQ,0,dga,1
STMVSTMOSCUS1.PSI.INC,0,other,1
NS-DE.UI-DNS.COM,0,tld,1
LOTMQROFZMI,0,dga,1
ANYTHING2MP3.COM,0,tld,1
324.332.242.236,0,numeric,1
MOLGZMUX,0,dga,1
JDECAPFZHXP,0,dga,1
WWW.W3.ORG,0,tld,1
NS1.DSREDIRECTION.COM,0,tld,2
KIDWARMFD2.KENILWORTH.LOCAL,0,rfc6771,1
NAOQMQLET,0,dga,1
OVYHOXEXAMMN,0,dga,1
LBSPEEDTEST.AILLERON.COM,0,tld,1
LB._DNS-SD._UDP.\2165\216,0,binary,5
NS2.ISATAP.DOMAIN.NAME,0,tld,1
WDIBNZPHH.RGA.IP,0,other,1
ZIHKTTJCZRWSXJ,0,dga,1
NS2.CULLYWEBSOLUTIONS.UK,0,tld,1
SBRMVSU,0,dga,1
WS1.TUANIMG.COM,0,tld,1
MONEY-NEWS-ONLINE.COM,0,tld,1
FAKE_IMAGE_URL,0,other,1
ORIKEIGO,0,dga,1
YDJHGHKYDVA,0,dga,1
LSAPI.REVANOW.COM,0,tld,1
BOOKING.COM,0,tld,1
XZKCAVQ,0,dga,1
XRWAXUOV.HITRONHUB.HOME,0,frequent,1
A499.G2.AKAMAI.NET,0,tld,1
VQDTLJEFC,0,dga,1
ZXEUTRRFQ,0,dga,1
DKISRKE,0,dga,1
SKYPOZKULZUQVLG,0,dga,1
LB1.JH.ADSMOGO.NET,0,tld,1
DNL-14.GEO.KASPERSKY.COM,0,tld,1
226.RED-83-37-246.DYNAMICIP.RIMA-TDE.NET,0,tld,1
FIXJWVWSUIFNAZ.WORKGROUP,0,frequent,1
POST.RO,0,tld,5
NS1.USCG.MIL,0,tld,1
SYFNEDKZYWU,0,dga,1
S3.US-WEST-2.AMAZONAWS.COM,0,tld,1
NCFWQXE,0,dga,1
OYBGSVRADQ,0,dga,1
QKKMUDPYRP,0,dga,1
RKOETHCRVE,0,dga,1
BIS.ALIPAYDNS.COM,0,tld,1
ANNOBUQBPE,0,dga,1
194.270.130.133,0,numeric,1
YAHOO.COM.AUP,0,other,1
QD.ANJUKE.COM,0,tld,1
FJWC.ZOOMLGD.COM,0,tld,1
TZODYVQIBA,0,dga,1
ZEJTRJQUOQNW.HPH.COM.LOCAL,0,rfc6771,1
SJVLXVNQLUDLX,0,dga,2
AV2.NSTLD.COM,0,tld,3
208.91.112.137,0,numeric,1
OWGJPRFL,0,dga,1
WPAD.SICHUANXINHUA,0,dga,1
RACHEL,0,other,1
HDKDHEHTW,0,dga,1
LUZXUPIHNZ,0,dga,1
NSMXPRESS-DRC.BANKA.PRI,0,frequent,1
253.317.177.272,0,numeric,1
VUQBPTQKIP,0,dga,1
DNS105.COMCAST.NET,0,tld,1
OJWZKTN.HOME,0,frequent,1
NS16.AXENTRA.COM,0,tld,1
HQSGAKL,0,dga,1
UK2-FXORDERTICKET.NEO-SVC.UBS.COM,0,tld,1
NEW-EVENT.SNG.QQ.COM.DHCP,0,frequent,1
DNSWL.ORG,0,tld,1
156.56.250.227.IP4.NYUCD.NET,0,tld,1
071.033.144.021,0,numeric,1
NS3.SPACEWEB.PRO,0,tld,1
OBQUZLMENFMTSDU,0,dga,1
CWWCOTMTB,0,dga,1
UXIP.MEIZU.COM,0,tld,3
&EVENTTYPE=CLOSE&REASON=5&DURATION=8520,0,bad_syntax,1
TCWTXOQ,0,dga,1
\144WU\183,0,binary,1
A3.VERISIGNDNS.COM,0,tld,3
WWW.GOOGLE.COM.RU,0,tld,1
MAIL.B-IO.CO,0,tld,1
FGEODPYVFBKNDP,0,dga,1
_LDAP._TCP.DEFAULT-FIRST-SITE-NAME._SITES.DC._MSDCS.BRICK,0,other,1
CAEAKVIFQLVSOYHPHAHEGYEMBALZBI.COM.EQUATORIALSHA.LOCAL,0,rfc6771,1
DTCHYB-CASF031.BANK.CORP,0,frequent,1
CJYWFPCJVW,0,dga,1
S3-US-WEST-2.AMAZONAWS.COM,0,tld,1
TTZMO1POUT01.ADAMSINT.LOCAL,0,rfc6771,1
BRAINS.CARTOON.BT.CO.UK,0,tld,1
YXQWBSSQP,0,dga,1
352.066.211.146,0,numeric,1
ENVYKFK,0,dga,1
VVWFLDDLFHDGXD,0,dga,1
GADGKRYCISXFU,0,dga,1
VSAAHUTZNRZWO.RGA.IP,0,other,1
NS1.SOSDG.ORG,0,tld,1
VBXHZXZSCSS.DHCP HOST,0,bad_syntax,1
B.ROOT-SERVERS.NET,0,tld,10
ZHMFERVPACXVJ,0,dga,1
HOFABEBW.RGA.IP,0,other,1
VRZKTZDRP,0,dga,1
MSPOIZAPVPXYFD,0,dga,1
FILMSMAZA.COM,0,tld,1
HKIWHBGK.HITRONHUB.HOME,0,frequent,1
M.3DKUADUZST.COM6SR016,0,other,1
AZEEEKVP,0,dga,1
NS3.NUCLEARFALLOUT.NET,0,tld,2
IQNRMLNREU,0,dga,1
BYD29.SAPBYDESIGN.COM,0,tld,1
WWW.MJHYC.CN.LOCALDOMAIN,0,frequent,1
WWW.SECURE-ENERGY-SOLUTIONS.COM.LOCALDOMAIN,0,frequent,1
016.071.055.335,0,numeric,1
NS4.1DOMAIN.NAME,0,tld,2
804A884ED4D579DDCFA5CD9E54F78490-APPXXNODE1XX5502885C1EC4F.NODE1.TS.FEEDBACK.71.AM.HOME,0,frequent,1
EMAILSERVER07.COM,0,tld,1
COMAWS.AJMISHRA.NET,0,tld,1
CMHL.COM,0,tld,1
NRFFKFM,0,dga,1
EKQZEAKCYYB.HOME,0,frequent,1
P29-MAILWS.ICLOUD.COM.AKADNS.NET,0,tld,2
KRGLFEPGRQJVCA,0,dga,1
NS1.ILHEUS.COM.BR,0,tld,1
UKTJYNH,0,dga,1
212-129-23-96.REV.PONEYTELECOM.EU.205.171.2.65,0,numeric,1
WWW.BSHARE.CN,0,tld,1
NS2.COVALTSOLUTIONS.COM,0,tld,1
WWW.BING.COM,0,tld,1
CRFDYBPKRGZF,0,dga,1
ONENIYBYCEN,0,dga,1
MKASIDMS,0,dga,1
CQVEFROWTVB,0,dga,1
DQEKZDWZMPGFMO,0,dga,1
\217\160.\217\160.\217\160.73,0,numeric,1
MVHWJYKG,0,dga,1
B._DNS-SD._UDP.@F\212,0,binary,4
NS2.PMAUSA.SITE,0,tld,1
GXHEGHEPYMQM.HOME,0,frequent,1
SUZYQ,0,other,1
RED.SAMSUNG.CO.KR,0,tld,1
S2.SDGE-AD-02.D9.Z,0,other,1
HZFMYXR,0,dga,1
ZORJPMXOI.DHCP HOST,0,bad_syntax,1
NS2.CONTOSO.CO,0,tld,2
NPR-08844.6THJUDICIAL.LOCAL,0,rfc6771,1
CLIENT.MAP.BAIDU.COM,0,tld,1
LMSDBP2,0,other,1
MAIL.XKBML.COM,0,tld,1
SECAZ-FOTA-DN.SAMSUNGDM.COM.CHINAAZUREEDGE.COM,0,tld,1
SERVINGPR-ARAGORNA-1R7OF9FKZ4KOS-735852295.US-WEST-2.ELB.AMAZONAWS.COM,0,tld,1
PALLADIUM.CSC.COM,0,tld,2
NS3.CDC.GOV,0,tld,1
IZAIRXGBIIMXPD,0,dga,1
INS3.EZNOWDNS.NET,0,tld,1
WUSBEDI001.NEAD.DANET,0,other,1
PC16.PC16,0,other,1
MOECAHAN.RGA.IP,0,other,1
DB._DNS-SD._UDP.\200\153\136,0,binary,2
PMIR.3G.QQ.COM,0,tld,1
HCLHTIGBFVKRSQH.HOME,0,frequent,1
ZNSV.N.SHIFEN.COM,0,tld,1
IZMIBYAXLPD,0,dga,1
BVCRWHMTDCLYGWR,0,dga,1
164.107.127.12.IP4.NYUCD.NET,0,tld,1
BNCVTJXPZCL.HOME,0,frequent,1
IHEBXISGN,0,dga,1
LB._DNS-SD._UDP.`\2466,0,binary,4
M.ROOT-SERVERS.NET,0,tld,6
ARMMF.ADOBE.COM,0,tld,1
KOYJSYI,0,dga,1
US-W1-BACKEND6.LEANCLOUD.CN.HOMESTATION,0,frequent,1
DJGPKMZYLJMMBZW,0,dga,1
TELJIWMW,0,dga,1
YMHKDASUCFIIGCZ,0,dga,1
LWWFLMGN.RGA.IP,0,other,1
NS047.ONEWORLDSYSTEMS.NET,0,tld,1
JRTPCVCQBE,0,dga,1
42.191.289.101,0,numeric,1
SARA.NS.CLOUDFLARE.COM,0,tld,1
169.318.39.141,0,numeric,1
B._DNS-SD._UDP.\2167\164,0,binary,2
JOHN.DHCP HOST,0,bad_syntax,1
UBIFGOWYEHQKBW,0,dga,1
LB._DNS-SD._UDP.@\190N\001,0,binary,1
DWUYKMLZCEPX,0,dga,1
WWW.ZSDJJ.COM,0,tld,1
MSGEXSIL1128.ENT.WFB.BANK.CORP,0,frequent,1
LCDVWFAPSXPXQR,0,dga,1
IYXOIVMFUG,0,dga,1
CPOPAYMENTS-TST-WAA2.BANKOFAMERICA.COM,0,tld,1
AQTIUDOEDVR,0,dga,1
NTSQXUQRPNYBE.DHCP,0,frequent,1
EZLPLLZLOZDP.DHCP HOST,0,bad_syntax,1
IMG1.126.NET.LXDNS.COM,0,tld,1
SBKB63N8AKBMD.R._DNS-SD._UDP.\232\194\183\002\024\179\185\002,0,binary,1
SNI1ST.DTWSCACHE.OURWEBCDN.COM,0,tld,1
B._DNS-SD._UDP.0\039\174\001,0,binary,1
WWW.989QHBCXSSJ13.COM,0,tld,1
LB._DNS-SD._UDP.\0326\142\001X\001\136,0,binary,7
NS2.SINA.COM,0,tld,1
WWW.MHSKC.CN.LOCALDOMAIN,0,frequent,1
UKWQLUZO,0,dga,1
C5-TOUCHPANEL-000FFF174476,0,jumbo,1
BQROAQNUS,0,dga,1
VHHISFMTGJXFGYP,0,dga,1
IAM2INITIAL-11026402-2-51316451,0,jumbo,1
XLHKKUWU,0,dga,1
DFMWISYMDZZTS.RGA.IP,0,other,1
E8318.G.AKAMAIEDGE.NET,0,tld,1
YYKYZAW,0,dga,1
IHBCMXDG,0,dga,1
95.161.110.36.IN-ADDR.ARPA,0,tld,1
M.3DCJT.COMFCRX13,0,other,1
YEALRBEERWEVCEY.HOME,0,frequent,1
QKVGEFM,0,dga,1
READCUBE.COM,0,tld,1
IMNVZJUPWGMTYH.HOME,0,frequent,1
POWIEKSZENIE-BIUSTU.TOP,0,tld,1
93.243.25.85.185.13.112.*,0,bad_syntax,1
84.246.269.176,0,numeric,1
OZDVYMUE.LOCALDOMAIN,0,frequent,1
FDQQSZOXDU.RGA.IP,0,other,1
ZYSZ67OA2RUZFMPA5GDCX5IDWOFK9BCB,0,jumbo,1
WBPGURFMGT,0,dga,1
MAGNGZQZMPTRA,0,dga,1
NTP.ORG,0,tld,1
NPNRNWNMWHFZ,0,dga,1
IMFUBFNDNVMWRU,0,dga,1
RICHARDS-IPHONE.NCH.GUEST,0,other,1
KVDWQNHNQVMCSN,0,dga,1
HP.MERTO.UASC.CORP,0,frequent,1
_KERBEROS._TCP.DC._MSDCS.127.0.0.1,0,numeric,1
AGGVFTMRGPFY,0,dga,1
CCRHBBKZBZGD,0,dga,1
HKG-ORIGIN.OT-VC.EBOWER.COM,0,tld,1
FASHION.GOME.COM.CN,0,tld,1
NGX-OUT-2.OP.58.COM,0,tld,2
OLSON2003.OLSONCO.LOCAL,0,rfc6771,1
DNS102.COMCAST.NET,0,tld,1
IPQZMTHT.HOME,0,frequent,1
PHSVTLCDOKIHA,0,dga,1
M.HAO123.COM,0,tld,1
EEAZAPKNCLEX,0,dga,1
SPP-13-AWS-03.US-WEST-1.COMPUTE.INTERNAL,0,frequent,1
NS1.CULLYWEBSOLUTIONS.COM,0,tld,3
CLOCK.REDHAT.COM,0,tld,1
ETRJPVQVJAOLQKA,0,dga,1
XPHMGTDBWJONT,0,dga,1
CWB-0-1360091,0,other,1
313.107.127.274,0,numeric,1
URS.MICROSOFT.COM,0,tld,1
375.152.172.001,0,numeric,1
2.UBUNTU.POOL.NTP.ORG,0,tld,1
224.357.013.116,0,numeric,1
NS4.FASTLY.NET,0,tld,1
PHOTO.M.YICHE.COM,0,tld,1
NS0.RBSOV.BBC.CO.UK,0,tld,1
MSXZXGTX,0,dga,1
73.44.1.132\044 23.209.190.109,0,numeric,2
DPKBBCWLYEPQQB,0,dga,1
KRDSRGAUKEOY,0,dga,1
LDS.LENOVOMM.COM.HITRONHUB.HOME,0,frequent,1
_LDAP._TCP.EPONG-ED800,0,other,1
SERVICES.GFE.NVIDIA.COM,0,tld,1
EMAIL.SUBWAY.COM,0,tld,2
052.302.374.311,0,numeric,1
UYTRUPXRTP,0,dga,1
FU005.WWW.DUBA.NET,0,tld,1
590782709.LOCALHOST,0,rfc6771,1
IKVVGKQ,0,dga,1
INTEL,0,tld,1
RBEMHZDKFEEZCD,0,dga,1
ZMXXYIIKRX,0,dga,1
BOUNCE.E.TRIPADVISOR.COM.IP-14.RBL.SPAMRL.COM.LOCALHOST,0,rfc6771,1
WWW.QQ.COM,0,tld,4
ISATAP.DATATREE.LOCAL,0,rfc6771,1
SZLONG.WEIXIN.QQ.COM.HG232F,0,other,1
IPHONE-DE-MIRIS,0,other,1
DOLDNS02.DOL.COM.TR,0,tld,1
SCHEMADOCK880-SJC1,0,jumbo,1
QLMSKEWP,0,dga,1
DELIVERY.SWID.SWITCHADHUB.COM,0,tld,1
YABWCQTDYQFCR,0,dga,1
SOLR.US_RM_SEARCH.ITEM.C001.R003.73.1.1488940035,0,numeric,1
MIHZYAGV,0,dga,1
R._DNS-SD._UDP.\032B\163\006,0,binary,1
HDWGCKDTUCZLI,0,dga,1
LB._DNS-SD._UDP.P\150\013\001,0,binary,4
S3.POP.NIUX88.COM,0,tld,1
SOCM.DMP.360.CN.DHCP HOST,0,bad_syntax,2
WITHOUT.PROXY.TWO.COM,0,tld,1
QEKTOUXCTH,0,dga,1
KYQURQPDFV,0,dga,1
THUMB105.TEST-SS.CN.CCGSLB.COM.CN,0,tld,1
P2.PLAY.VP.AUTOHOME.COM.CN.WSCDNS.COM,0,tld,1
R._DNS-SD._UDP.\144E\190,0,binary,1
AQHSAJFXBIUPO.HOME,0,frequent,1
VM-68423660-942C-4181-972A-86592E6E7B0D,0,jumbo,2
FBRAPCSWPCAJT,0,dga,1
IVPXLRHGSXFDZH,0,dga,2
DB._DNS-SD._UDP.\240\233\223\001,0,binary,2
IWPMRYDSX,0,dga,1
JAINMATRIMONY.COM,0,tld,1
DARBYSMART-EMBEDS.S3-WEBSITE-US-EAST-1.AMAZONAWS.COM,0,tld,1
NS3.TUPPERWARE.NET,0,tld,1
MUSIC.SCOLDLY.COM,0,tld,1
WCAPSKOCABOIK,0,dga,1
LB._DNS-SD._UDP.\128\208\217,0,binary,8
ATASKJFIZGXWHW,0,dga,1
JUYWDKLUJVTEYJ,0,dga,1
XMGTBBDSXZASUB,0,dga,1
VVNQAJNI.HOME,0,frequent,1
GOYFEDSVWKB,0,dga,1
STAT.BROWSER.NEARME.COM.CN,0,tld,1
DIFAHJQT,0,dga,1
23.125.24.125.IN-ADDR.ARPA,0,tld,1
OPT.ECOMA.OURWEBPIC.COM,0,tld,1
WWW.1SAE.COMFAVICON-32X32.PNG,0,frequent,1
TFFRYRQZPG,0,dga,1
VIZUDWKG,0,dga,1
C06.I06.CTLZJ.LV3.CLOUDGLB.COM,0,tld,1
QDIEKADCPJ,0,dga,1
YDOCOISJN,0,dga,1
IME001.GSWUBI.COM.DHCP HOST,0,bad_syntax,1
LVVFJNPTOTETUO,0,dga,1
LGYMEGKYUAKSWGP,0,dga,1
109.86.105.46.IX.DNSBL.MANITU.NET,0,tld,1
TKYKVSBFXVXOIX,0,dga,1
TPUSH.HTML5.QQ.COM,0,tld,1
A2.VERISIGNDNS.COM,0,tld,1
DD.PANDA.TV,0,tld,1
_LDAP._TCP.DEFAULT-FIRST-SITE-NAME._SITES.GC._MSDCS.STGREGORYTG.LOCAL,0,rfc6771,1
LIAIHHXSUQV.HOME,0,frequent,1
XGOC1M2NYOESFH.WSCLOUDCDN.COM,0,tld,1
FOJBXIL,0,dga,1
NLCDVFNMUBOWD,0,dga,1
FRMBUCTIPBW.DHCP,0,frequent,1
EAEUSPH,0,dga,1
TUTJXVAVF,0,dga,1
DNS2V6.CDNS.NET,0,tld,1
HKGWSST,0,dga,1
BCSZXCYNLK,0,dga,1
VDPVHVL.HOMESTATION,0,frequent,1
CNHHOPKXYU,0,dga,1
N2.PANDORA.TV,0,tld,2
BENEFITS.MLIVE.COM,0,tld,1
QWGEBDOAUAQB.DHCP HOST,0,bad_syntax,2
IDZRBRHHXA,0,dga,1
251.130.218.219.IN-ADDR.ARPA,0,tld,1
GPRODUCTIONS.NET,0,tld,1
_LDAP._TCP.DC._MSDCS.NOTHING.DIA.DNVR,0,other,1
NS1.QHCDN.COM,0,tld,1
Y66BT301QPS1I.WWW.SCHIMMELCHECK.IMMO,0,tld,1
LKARJGRPITOLXG,0,dga,1
EJQ8X05U8C888E.WSCLOUDCDN.COM,0,tld,1
LAP1EEFC,0,other,1
BICXWRUXE,0,dga,1
LJIJJTMMPMOTTD,0,dga,2
ONEIMG2.JIA.COM.WSWEBPIC.COM,0,tld,1
NS1.CONTOSO.CO,0,tld,2
LABPC4.SONITOR.LOCAL,0,rfc6771,1
OVERSTOCK,0,dga,1
XSCBNJQSDLCBMN,0,dga,1
ZARWYCQSBCXUTJQ,0,dga,1
SCBX030CTO,0,other,1
NSX2.VALUE-DOMAIN.JP,0,tld,1
QPKYVSLXKFLGM,0,dga,1
041.145.345.216,0,numeric,1
NS2.RILINFO.NET,0,tld,1
TRACKER.SCHOOLSED.COM,0,tld,1
LUZQJBZQ,0,dga,1
SOLR.US_RM_SEARCH.ITEM.C001.R001.35.1.1488940035,0,numeric,1
23.37.101.55.IN-ADDR.ARPA,0,tld,1
FWXPFLY,0,dga,1
TPUBWRKIL.RGA.IP,0,other,1
Y.YCGSLB.COM,0,tld,1
ASHXPVM.HOME,0,frequent,1
LMTOOKYOU,0,dga,1
_LDAP._TCP.DC._MSDCS.MARUBUN-SEMICON.LOCAL,0,rfc6771,1
WQCL1495509888546.TRACE.TERM.CHINACACHE.COM.HOME,0,frequent,1
SUNLCUYNJPSOGTU.PK5001Z,0,other,1
XIAOMI2.XDWSCACHE.OURGLB0.COM,0,tld,1
052.212.101.230,0,numeric,1
22.108.151.211.IN-ADDR.ARPA,0,tld,1
8745.1,0,numeric,1
LNJFHNQ,0,dga,1
HPBHXZDN,0,dga,1
ZBQAJAEUGM,0,dga,1
VOCIPRSFBHCSE,0,dga,1
GTDDMQYROOYT.RGA.IP,0,other,1
KFTUDFNWGTWZDD,0,dga,1
GRCELAMFD,0,dga,1
RG-BD423B6311F13B10FED60D593ACE798C.PORT2408.NET,0,tld,1
GYFSKFMDY,0,dga,1
QWXLXRN,0,dga,1
CC,0,tld,1
RYZLYMUULQLMUGT.RGA.IP,0,other,1
YSALXDSZCDCQVA.DHCP HOST,0,bad_syntax,1
A.ROOT-SERVERS.NET,0,tld,2
TAYPOTQKIOVU,0,dga,1
WEGBULIEAYMSOUM,0,dga,1
DNS2.MASTERWEB.NET,0,tld,1
USER-20150203ZL.DHCP HOST,0,bad_syntax,1
MCLKPVJ,0,dga,1
NS2.HPECORP.NET,0,tld,1
MORTTRX,0,dga,1
STG2,0,other,1
DSYDDKTIHPG.CRV.LOCAL,0,rfc6771,1
WPAD.PONCIALGROUP.LOCAL,0,rfc6771,1
GLOBALRESEARCH.CA,0,tld,1
LKESU1VOGONGO1.ADAMSINT.LOCAL,0,rfc6771,1
CSOEOGUDUZLAQ,0,dga,1
DEWEBMASTER.BE,0,tld,1
TLKSULLLNOTZXO,0,dga,1
_LDAP._TCP.AVON._SITES.DC._MSDCS.BMS,0,tld,1
VGYTTJRSCLNC,0,dga,1
CAS.DOBEST.COM.WSWEBPIC.COM,0,tld,1
NS3.IQMETRIX.COM,0,tld,2
CSCDNSNDC002D.CSC.COM,0,tld,2
STKOKQCTDTTATH,0,dga,1
XRUKXERLPA,0,dga,1
DR._DNS-SD._UDP.\2165\216,0,binary,2
LJMGSTVP.CRV.LOCAL,0,rfc6771,1
NCMSR.MARS.BAOFENG.NET,0,tld,1
AV4.NSTLD.COM,0,tld,7
70.220.28.223.IN-ADDR.ARPA,0,tld,1
356.335.346.342,0,numeric,1
BLOGSEARCH.GOOGLE.COM.MY,0,tld,1
ELJUJRMNSI,0,dga,1
DESKTOP-UGR9NBC.PKITA.NEO,0,other,1
HUWMWXDH,0,dga,1
GIIQZAQ.LAN,0,frequent,1
062.330.262.077,0,numeric,1
DE,0,tld,2
B._DNS-SD._UDP.\2006W,0,binary,2
QPJRKPYRU,0,dga,1
NHTVPDNAMIZZ.DHCP HOST,0,bad_syntax,1
QYSEUKJNEYYU.HOME,0,frequent,1
API.WIPMANIA.COM.FOWD0.RU,0,tld,1
TSFKYCEIEQV.RGA.IP,0,other,1
NS1.P14.DYNECT.NET,0,tld,2
GEO.MOATADS.COM,0,tld,1
IP-10-202-1-49,0,other,1
NS2.UMD.EDU,0,tld,2
APP054DXBARE.DS.PETROFAC.LOCAL,0,rfc6771,1
DNS_FAILED_LOOKUP,0,jumbo,1
QVADCWUBK,0,dga,1
DC01.YS.LOCAL,0,rfc6771,1
UK-BE-TSTIL-BW06,0,jumbo,1
BOOKINGSKRITT-3%2A,0,bad_syntax,1
GCJMMGIUPFMKHT,0,dga,1
0.POOL.NTP.ORG.ESR9752,0,other,1
UHYNEIHRIPEOY,0,dga,1
ITUNES.APPLE.COM.MWCLOUDCDN.COM,0,tld,1
FIEAWXZIIHH,0,dga,1
NS4.TIMEWEB.ORG,0,tld,1
103.4.175.220\226\128\139,0,binary,1
L.ROOT-SERVERS.NET,0,tld,19
1ST.ECOMA.OURWEBPIC.COM,0,tld,2
UNITRADEPROD.ALIPAY.COM,0,tld,1
FTTPFTPXGVWJO,0,dga,1
XUBYXOJNWH,0,dga,1
NS3.FASTLY.NET,0,tld,1
OMCSWTTT,0,dga,1
HOMER.DL.PLAYSTATION.NET,0,tld,1
TOYSVME,0,dga,1
PX.MOATADS.COM,0,tld,1
VHNTUTGYLKVQ,0,dga,1
R._DNS-SD._UDP.\128,0,binary,7
PTBYJYYKKOE.RGA.IP,0,other,1
VMMHQDNSD,0,dga,1
JRGGUIMA,0,dga,1
107-174-24-104-HOST.COLOCROSSING.COM,0,tld,1
CARD.WORKGROUP,0,frequent,1
WWW.JCSHC.CN.LOCALDOMAIN,0,frequent,1
60.187.120.118.BL.SPAMCOP.NET.LOCALDOMAIN,0,frequent,1
INEWS-COMMAND.AD.EWSAD.NET,0,tld,1
63.100.80.151.IN-ADDR.ARPA,0,tld,1
U.DNS.PY,0,tld,1
G-NS-1815.AWSDNS-19.CO.UK,0,tld,2
SWMCNHMHAZ,0,dga,1
LOVCXQWERFOMS,0,dga,1
OHAKRXFFCOQQMMW,0,dga,1
S-0.SIPIS.ACROBITS.CZ,0,tld,1
STAT.SD.360.CN,0,tld,1
CSCDNSSNG002D.CSC.COM,0,tld,2
DZOKEZJQSXLA.WIMAX,0,other,2
NS2.SNAPFISH.COM,0,tld,1
DNSST.SAMSUNG.COM,0,tld,1
SCONTENT-MIA1-2.CDNINSTAGRAM.COM.CONNECTIFY,0,dga,1
PIXEL.YABIDOS.COM.S3-WEBSITE-US-EAST-1.AMAZONAWS.COM,0,tld,1
KVZOUFIKDVXZEK,0,dga,1
QDUMYSFPMIGCE,0,dga,1
MULTAI.IO,0,tld,1
A1363.DSCG.AKAMAI.NET,0,tld,1
S.YOUTUBE.COM,0,tld,1
PPBTKQYWGFW.RGA.IP,0,other,1
CPUMBJEVQELTNK,0,dga,1
JUZESUTLUABN,0,dga,1
E1699.DSCC.AKAMAIEDGE.NET,0,tld,1
242.191.253.182.IN-ADDR.ARPA,0,tld,1
INS6.EZNOWDNS.NET,0,tld,1
ETCCSCGHJMUOC,0,dga,1
ZXSJGRRPCXD,0,dga,1
SACFILE01.CORPORATE.LOCAL,0,rfc6771,1
CTORQNNOVVIEWK.RGA.IP,0,other,1
PLAZA.CMGAME.COM,0,tld,1
PMONXXWOTXYOA,0,dga,1
E1I.CA.INDEED.COM,0,tld,1
R._DNS-SD._UDP.\131,0,binary,6
QGAXURVOTPYUKLA,0,dga,1
DYEZIPZYXKEGIAF,0,dga,1
101.172.182.61.IN-ADDR.ARPA,0,tld,1
BK02.C3.XIAOMI.COM,0,tld,1
VIKSJAKS,0,dga,1
EZKVIQFJ,0,dga,1
QFMIAGLZGFDSL,0,dga,1
88.123.318.169,0,numeric,1
194.77.270.102,0,numeric,1
_LDAP._TCP.WP0112,0,other,1
244.45.218.222.IN-ADDR.ARPA,0,tld,1
BRVCDVNDI,0,dga,1
524960718.INVALID,0,rfc6771,1
_DNS-SD._UDP.8H\027\002\144\213\027\002\001,0,binary,1
SSLJP.PULMUONE.COM,0,tld,1
L15247,0,other,1
VISISOUNDTECH.COMG,0,other,1
L15248,0,other,1
WPAD.LOCALDOMAIN,0,frequent,1
XYPLAOXHRJ,0,dga,1
MWCDWHA,0,dga,1
ISATAP.TENDAAP,0,dga,1
TVAX1.SINAIMG.CN,0,tld,1
QAVNEANERTH,0,dga,1
HYHUDCIK,0,dga,1
ORIGIN-DTTSTSSTESTPROXY.DELOITTERESOURCES.COM,0,tld,1
DNS1V6.CDNS.NET,0,tld,1
ZJYWZZMLGUFFKO,0,dga,1
MWNRVPMIULLJ,0,dga,1
SOFT.EXPORT.YANDEX.RU,0,tld,1
NS2.BLACKCHICKENHOST.COM,0,tld,1
SZTIRBPCDASQGR,0,dga,1
SMTP.YC.ZVS,0,other,1
GRUJNMICRIR,0,dga,1
US2-CASHEQUITIES.NEO-SVC.UBS.COM,0,tld,1
NS.HESJPTT.NET.CN,0,tld,3
WWW.GOOGLE.CO.JP.LAN,0,frequent,1
242.36.101.55.IN-ADDR.ARPA,0,tld,1
YAMDEHMKLQ.HOME,0,frequent,1
DISTRIBUTION-CONTENT-PUGPIG-PROD.S3-WEBSITE-EU-WEST-1.AMAZONAWS.COM,0,tld,1
BRN001BA9E02235.HOMESTATION,0,frequent,1
39.31.101.55.IN-ADDR.ARPA,0,tld,1
OYHNKFEMWX,0,dga,1
RANDOMTLD,0,dga,1
A1.VERISIGNDNS.COM,0,tld,1
WWW.MFKTC.CN.LOCALDOMAIN,0,frequent,1
WWW.FUWOO.COM,0,tld,1
QZRVVDCXNF.LAN,0,frequent,1
STIWMUOYXZ,0,dga,1
INFO.720BIFEN.COMK8O2W7,0,other,1
WWVPBQNYLHRNJB,0,dga,1
NS4.HUPO.COM,0,tld,1
RULFOZD,0,dga,1
PMYNHYEA,0,dga,1
NS5.INWX.NET,0,tld,1
GT,0,tld,1
IWSCFII,0,dga,1
HKEYGMIQRV,0,dga,1
IPHONESE,0,dga,1
USP.CLUB,0,tld,1
DZCYREUKTCFMHCQ.REALTEK,0,frequent,1
YRBHAQRIOME.DHCP HOST,0,bad_syntax,1
MTNGBLKFBO,0,dga,1
185.34.101.55.IN-ADDR.ARPA,0,tld,1
YJVRSWFYI.HITRONHUB.HOME,0,frequent,1
107.10.181.168.3000000000012.SB-ADFE2KO9.SENDERBASE.ORG,0,tld,1
IJQLEKXYFBMU,0,dga,1
SKTODOUPKKZY,0,dga,1
COUVXAERC,0,dga,1
PDNS196.ULTRADNS.NET,0,tld,1
KQNJHAMJSGS,0,dga,1
BTQPIFA,0,dga,1
DUOWAN.XDWSCACHE.OURGLB0.COM,0,tld,1
LODS0DKD,0,other,1
IDC-LDAP-02,0,other,1
WPAD.ICR.LOCAL,0,rfc6771,1
EFBFZZSL,0,dga,1
1402997288.LOCALHOST,0,rfc6771,1
_LDAP._TCP.DC._MSDCS.DH1.LAN,0,frequent,1
SFWREMECV.HOME,0,frequent,1
PATSYROCKS.COMG,0,other,1
DUYCERSVYMP,0,dga,1
Q5AK7J6MZ-K0F.RADIOJAR-LIB.APPSPOT.COM,0,tld,1
SOLICITUD-INICIAL-DE-FRANQUICIA033.PDF,0,other,1
MOEMOON.EDU.TW,0,tld,2
CRL.MICROSOFT.COM,0,tld,2
SGSG1468074283.Y2002.COM,0,tld,1
EXTERNAL-MIA1-1.XX.FBCDN.NET,0,tld,1
CF.DUBA.NET,0,tld,1
KHDORJBDPDGCZIQ,0,dga,1
HOSTNAME.BIND,0,tld,8
130.106.376.356,0,numeric,1
WWW.YAHOO.COM,0,tld,1
JYMECOGKSQI,0,dga,1
NUOFXUPOYW,0,dga,1
NFFD1495509878844.TRACE.TERM.CHINACACHE.COM,0,tld,1
2015-07-20,0,other,1
PNLCUUWEG.DMZ.ABOVENET,0,dga,1
KXCKBSNV,0,dga,1
D.DNS.CN,0,tld,2
VIDEO.BORINGVERSE.COM,0,tld,1
KARPATINFO.NET,0,tld,1
GLB3.GLBDNS2.MICROSOFT.COM,0,tld,3
VTCCMQTHJ,0,dga,1
JOMPEDHIRMR,0,dga,1
JDBHKUHHGP,0,dga,1
KINESIS.US-WEST-2.AMAZONAWS.COM,0,tld,1
_LDAP._TCP.DC._MSDCS.ADVANCEDANALYTICAL.LOCAL,0,rfc6771,1
FREENAS,0,dga,1
TLSBZXPFJA,0,dga,1
NCJXBHHRWIH,0,dga,1
XYZ,0,tld,1
B0.DIG.AFILIAS-NST.INFO,0,tld,2
JLJODGTQCE,0,dga,1
FPBZXIVGDUTRJUE,0,dga,1
NS-CMN1.QQ.COM,0,tld,2
KALPZGZIPDTWGIA,0,dga,1
HMNBHLPUCOH,0,dga,1
A13-192.AKAMAIEDGE.NET,0,tld,3
JCVLWIQECQXBHZZ.ILINKS,0,other,1
NS2.DINOMARKET.NET,0,tld,1
WWW.EBAY.COM.MY,0,tld,1
ADEUVIXNPPFXOSE,0,dga,1
BTRACE.QQ.COM.HOME,0,frequent,1
163.19.18.178.IN-ADDR.ARPA,0,tld,1
WJRCOHQQEOVVBS.FCL.INTERNAL,0,frequent,1
F.0F1B0000.A.F.37393632313631303837.63646E.6F7074696D697A656C79.636F6D.80HB81A156D.WEBCFS01.COM,0,tld,1
ZFOTLUYUQTF,0,dga,1
HZZLWVJIS,0,dga,1
YTHLXZCHEPDSJJE,0,dga,1
TS-SVRAPP02.EC2.INTERNAL,0,frequent,1
NS1.FUTURE-S.COM,0,tld,1
BVPUQIHKXRQI,0,dga,1
KNAZBYEZNB.DHCP HOST,0,bad_syntax,1
SOFTROI.FI,0,tld,1
VFAST.SUNING.COM.WSCDNS.COM,0,tld,1
GOOD.INTAINED.COM,0,tld,1
PLAY.163.COM.WSCDNS.COM,0,tld,1
TDELABCLWMIGNPV.DHCP HOST,0,bad_syntax,1
ZDOVWLOQH,0,dga,2
S3-US-WEST-2-W.AMAZONAWS.COM,0,tld,1
1717375396.INVALID,0,rfc6771,1
WIKEOKJYHGHB,0,dga,1
S2.IVAN-RMSTEST-ZOOKEEPER.D4.Z,0,other,1
JLYVGRKCL.RGA.IP,0,other,1
IO,0,tld,1
SAN-COLO1-B26-1-12,0,jumbo,1
HYJUHGZDXGY.RGA.IP,0,other,1
OHAOITN,0,dga,1
GRPESASSSSI,0,dga,1
YYJMMZZHOKQM,0,dga,1
DPBEAOKPED,0,dga,1
IZCKAGXJXF,0,dga,1
LB._DNS-SD._UDP.\2167\164,0,binary,1
_LDAP._TCP.DEFAULT-FIRST-SITE-NAME._SITES.PWCSDC.PROVOWATER.LOCAL,0,rfc6771,1
EOYKYKQDMDYVES,0,dga,1
GYFLCNSZJF.GATEWAY,0,frequent,1
QWBRCIVURWAWB,0,dga,1
WWW.ERP.NGO,0,tld,3
TFPNORV,0,dga,1
YAHOO.COM69,0,other,1
SVXLGAOSFAN,0,dga,1
KLCYJQCD,0,dga,1
DNS2.UDEL.EDU,0,tld,3
2066965627.INVALID,0,rfc6771,1
NS03.FARSNEWS.COM,0,tld,2
HUPAWTBNDIYVV,0,dga,1
XYCDN.DOWNSTREAM2.YY.COM.LAN,0,frequent,1
066.232.332.255,0,numeric,1
OTH.STR.MDT.QQ.COM,0,tld,1
NS13.AXC.NL,0,tld,1
MYBOOKLIVE.ULTAINC.LCL,0,frequent,1
CLOUDFLARE.CRSERVERS.COM,0,tld,1
NS2.FASTLY.NET,0,tld,1
M1.DNSDUN.COM,0,tld,1
MIRROR.VTTI.VT.EDU,0,tld,1
YZHDFOAUTJZNXKG.HOME,0,frequent,1
WWW.MWHFC.CN.LOCALDOMAIN,0,frequent,1
NODEFASTLY.US-EAST-1.ELASTICBEANSTALK.COM,0,tld,1
EPWVP1809.ENT.WFB.BANK.CORP,0,frequent,1
LV3NS6.FFDNS.NET,0,tld,1
LANEVLNG,0,dga,1
SOLR.US_RM_SEARCH.ITEM.C001.R003.63.1.1488940035,0,numeric,1
RQSEUNJDRTK,0,dga,1
HAIQFABBXS,0,dga,1
182.255.170.123.IN-ADDR.ARPA.LOCALDOMAIN,0,frequent,1
JBVAKPG,0,dga,1
WWW.MCJGC.CN.LOCALDOMAIN,0,frequent,1
031.311.025.347,0,numeric,1
M.3DZMZH.COMEWPVFE,0,dga,1
EVENTARC.COM,0,tld,1
DXBNS1.DUHOSTING.AE,0,tld,1
S2.DNFL2HK2DFVUDLICHCEOAM12KC-388624858.D6.Z,0,other,1
ORGIDOR-I3UB5T1.INF.NEO,0,other,1
NS2.TUPPERWARE.NET,0,tld,1
YMMVUAEFTHTANSR.HOME,0,frequent,1
ZZQEORQGHNH,0,dga,1
NS3.QHCDN.COM,0,tld,1
NS2.VOWIFI.SPCSDNS.NET,0,tld,1
DJODDMSPUW,0,dga,1
XUZNUGF,0,dga,1
AYQUSSLJXQLJQW,0,dga,1
MTJSVEKWEAVGCNQ.RGA.IP,0,other,1
GLASS.ITS.UTEXAS.EDU,0,tld,1
RAWJGWCEP,0,dga,1
FKAVFKBIFEQV,0,dga,1
PROD-VELPIC-MF.S3-WEBSITE-AP-SOUTHEAST-2.AMAZONAWS.COM,0,tld,1
BRN30055C4DFB41.DOWNEY-INET,0,other,1
QINIUSNI.DTWSCACHE.OURWEBAT.COM,0,tld,1
YCBPSMUMZGPH.HITRONHUB.HOME,0,frequent,1
NS4.QOSS.COM,0,tld,1
NS5.LEASEWEB.NL,0,tld,1
WIFIPORTAL.MEIZU.COM,0,tld,1
LIV.DR,0,other,1
WWW.CHILLESTMONKEY.COM,0,tld,1
API.EASOU.COM,0,tld,1
021.243.345.126,0,numeric,1
KXHAXMIVMQAP,0,dga,1
SWAGEGNLYWOD.ESCAD.INTERNAL,0,frequent,1
ELF-DECO.MAIBAAPP.COM.DHCP,0,frequent,1
NS13.COMSCORE.EU,0,tld,1
IDBFFVINI,0,dga,1
NS1.HUPO.COM,0,tld,1
LOG-INGESTION.SAMSUNGACR.COM,0,tld,1
PGXJWKRGIPKSE.PELLANC.LOCAL,0,rfc6771,1
YBPCHXNB,0,dga,1
CDN.SYNDICATION.TWIMG.COM,0,tld,1
DNS.AITELECOM.RU,0,tld,1
MAIL.GOOGLE.COM.DSL-100HN-T1V4,0,other,1
FLASHXML.DAMAI.CN,0,tld,1
PRD3.AZUREDNS-CLOUD.NET,0,tld,1
AJULBFIUAWQUSE,0,dga,1
SLIDE.FO.SINA.COM.CN,0,tld,1
XCYKLRGMXOPROG,0,dga,1
DRM.VIDEO.IQIYI.COM,0,tld,1
205.212.233.353,0,numeric,1
DN-GROWING.QBOX.MEDS.JS,0,frequent,1
EXTDNS007.FORD.COM,0,tld,1
QBWUP.IMTT.QQ.COM,0,tld,1
US1-USERSETTINGS.NEO-SVC.UBS.COM,0,tld,1
166.21.54.58.61.147.87.160,0,numeric,1
STZXQVFOF,0,dga,1
354.026.325.136,0,numeric,1
HB.MB.BAIDU.COM,0,tld,1
UNHHRGL,0,dga,1
R._DNS-SD._UDP.@\024\019\002\208\234\018\002\001,0,binary,1
RG-A9EFCA94CB74861F217E49751B6302D2.PORT2408.NET,0,tld,1
_LDAP._TCP.9CB6E418-150B-4A61-9501-7BACF53E1695.DOMAINS._MSDCS.LASERLLC.LOC,0,frequent,1
RETMREMTREMT.FYZEREZ,0,dga,1
P9.PSTATP.COM.DHCP,0,frequent,1
ONALZAISWOGY,0,dga,1
CRDIMNYWVF,0,dga,1
K.ROOT-SERVERS.NET,0,tld,24
GOOGLE.XX,0,other,1
R._DNS-SD._UDP.\196,0,binary,2
DL.SHUANGFEI.INFO,0,tld,1
KXWIHDR,0,dga,1
PZJDTPQIUDAJRU,0,dga,1
RDGSTAXZXGIA,0,dga,1
DAL01.SBC.LAYERED.NET,0,tld,1
&EVENTTYPE=CLOSE&REASON=3&DURATION=333,0,bad_syntax,1
TWMAJKVH,0,dga,1
SQIMG.QQ.COM,0,tld,1
_LDAP._TCP.DEFAULT-FIRST-SITE-NAME._SITES.SVRDC2.SECCR.CORP,0,frequent,1
TVTYIRWNHT,0,dga,1
LB._DNS-SD._UDP.\208T\238\002\168\030\244,0,binary,2
NS6.IQMETRIX.COM,0,tld,2
BWNZDRSSQ,0,dga,1
PTLQKNA,0,dga,1
COUNT.CCOO.CN,0,tld,1
NS4.XGSLB.CN,0,tld,2
LO,0,other,1
RBRJHNXLURKNSIY,0,dga,1
JSFXGVFTN,0,dga,1
WGEFPVKABHYX,0,dga,1
TIXSARDRYVPNYGV,0,dga,1
LJFWCMPJZCT.HOME,0,frequent,1
UQJOCUE,0,dga,2
DNS.WEIXIN.QQ.COM,0,tld,2
ISATAP.LAN,0,frequent,1
UCRNZJDCUNMU,0,dga,1
NLHGXTPVTB,0,dga,1
NS2.CHEROKEE.ORG,0,tld,1
NS1.CULLYWEBSOLUTIONS.UK,0,tld,3
SERWER1606082,0,other,1
JULIWPEVWMQ,0,dga,1
XBYPEFJPPXP,0,dga,1
RT.APPLOVIN.COM.BELKIN,0,frequent,1
FDZWZAVKP,0,dga,1
EKDZWLVF,0,dga,1
ACUFKYWNKLHZYS,0,dga,1
OC-PC01SQYD.ALLENMATKINS.LOCAL,0,rfc6771,1
ZYX.QQ.COM,0,tld,1
CNFWFDHRLUFJXUF,0,dga,1
DB._DNS-SD._UDP.TBD.LAN,0,frequent,1
C.XDWSCACHE.OURGLB0.COM,0,tld,2
110.201.277.240,0,numeric,1
MAIL.APP.PMI,0,other,1
GAE.XDWSCACHE.OURGLB0.COM,0,tld,1
ZAHCURJOYYJIIS,0,dga,1
CN.POOL.NTP.ORG,0,tld,1
ALICDN.ZGIRLS.NET,0,tld,1
NARVII.COM,0,tld,1
NS2.LAMEDELEGATION.NET,0,tld,1
EKIALLCBCHW,0,dga,1
265.066.136.151,0,numeric,1
NS1.CDC.GOV,0,tld,1
DOWNLOAD.MICROSOFT.COM,0,tld,1
ANWZZOR,0,dga,1
AHUESNOMR,0,dga,1
FFCPMRZDNSLYWRH,0,dga,1
ZTUHFDMVSXAOET,0,dga,1
IQTGXZKWNE,0,dga,1
S.A.SOHU.COM,0,tld,1
BPT50439.PKITA.NEO,0,other,1
QJNLPLQJGSVOSMX,0,dga,1
VLSEMSKXQXU,0,dga,1
5.1.100.10.IN-ADDR.ARPA,0,tld,1
MK,0,tld,1
BIBMRCZTGBAINRY.INTRANET,0,frequent,1
374.241.332.157,0,numeric,1
SCONTENT.XX.FBCDN.NET,0,tld,2
3.POOL.NTP.ORG,0,tld,2
OSNZQASMVYYF.RGA.IP,0,other,1
SQTKEWNEJNEBJWZ,0,dga,1
DNS2.JLU6.EDU.CN,0,tld,1
OFFEROFILES.BLOB.CORE.WINDOWS.NET,0,tld,1
CFLKESIKOBIU,0,dga,1
ORIGIN-GVPN.LGCNS.COM,0,tld,1
NEWLOC.MAP.N.SHIFEN.COM,0,tld,1
WMCCXPXLATXYD,0,dga,1
ZCIYDAK,0,dga,1
FVGBPTNMKT,0,dga,1
UNGMUQW,0,dga,1
UPLDWZRLRXNOWP,0,dga,1
DZZVOGKZ.REALTEK,0,frequent,1
AKOQYVEBSMKIF.HOME,0,frequent,1
RBSJGZCREFPB,0,dga,1
S3-WEBSITE-EU-WEST-1.AMAZONAWS.COM,0,tld,6
PPYRYCCTKKNPC.DHCP HOST,0,bad_syntax,1
WWW.X4399.COM,0,tld,1
VQBKDEIXZYGRQN.RGA.IP,0,other,1
NNKJEZEXICG,0,dga,1
M.GTLD-SERVERS.NET,0,tld,1
NXDIMJKBGOUWLKN,0,dga,1
NS3.YANDEX.RU,0,tld,1
BPSTXGGQCOR.CRV.LOCAL,0,rfc6771,1
NS1.CNCNX.COM,0,tld,1
HIZLCTUJKGTTH,0,dga,1
NTWTCBUF,0,dga,1
MRS.SUNING.COM,0,tld,1
BULUTOF.INFO,0,tld,7
WKTLPMCSCE,0,dga,1
205.166.117.353,0,numeric,1
JOYPGKJVWLSPPRA,0,dga,1
111.052.246.366,0,numeric,1
S2.DECIPHERSOURCE.D3.Z,0,other,1
A.S2.DPFILE.COM.CDN20.COM,0,tld,1
GLICKSTEIN.COMG,0,other,1
UPGRADE.MY-TRANS.CN,0,tld,1
NS4.DNS.NIC.CLUB,0,tld,1
BENTLEY.ESPIAL.LOCAL,0,rfc6771,1
TEST.ETISALCOM.BH,0,tld,1
MDZTOMWJIIRMUFO.HOME,0,frequent,1
QIJLIAACPJ,0,dga,1
MEDIAOFFERING.COM,0,tld,1
NZ,0,tld,1
FIECIJQ,0,dga,1
UNXYEUO,0,dga,1
MLRLTVL,0,dga,1
GNXLXCEZRWR,0,dga,1
UPJDBXBFJCITHH,0,dga,1
LOC.MAP.BAIDU.COM.EDU.CN,0,tld,1
QKITCDWXJCLB,0,dga,1
CM.POLL.KEKE.CN,0,tld,1
APAC-ORIGIN.APERIO.SKF.COM,0,tld,1
JMKMACMINI,0,dga,1
NS2.DISCOUNTASP.NET,0,tld,1
CONFIG.28602.RCSE,0,other,1
PRD-ASP-AIRBUS-COM.AW.ATOSORIGIN.COM,0,tld,1
CSPI.FADV.COM.AU:443,0,bad_syntax,1
ATAXBVVCADJH.BELKIN,0,frequent,2
P46-CKDATABASE.ICLOUD.COM,0,tld,1
111.13.100.24780808080808080,0,numeric,1
BLOTSXDMMZHEE,0,dga,1
UPDATE.MLWED.COM.CDN20.COM,0,tld,1
DTLUPDATE.UPDRV.COM,0,tld,1
IPKAASETQM,0,dga,2
ZOKSXGMPSIXI,0,dga,1
KGZASLNHVCYOYXQ,0,dga,1
DNS3.NC.U-TOKYO.AC.JP,0,tld,1
YRRBONSOBCOPPY,0,dga,1
NS1.ASEIT.COM.AU,0,tld,2
JS.MEDI-8.NET,0,tld,1
NS1.FASTLY.NET,0,tld,2
SPNHAJUANLO,0,dga,1
FSTAUIHIDFI,0,dga,1
ABTPHMIMTGLFUI,0,dga,1
SNIEBVABMYS,0,dga,1
STEREOLIVEHOUSTON.COM,0,tld,1
YYHZWMNSGADO.HOME,0,frequent,1
NS11.OVH.NET,0,tld,2
IPV4ONLY.ARPA,0,tld,1
NS06.DOMAINCONTROL.COM,0,tld,1
DGIOZHVEF,0,dga,1
RUSGKHNIBKINORS,0,dga,1
CLIENTS5.GOOGLE.COM,0,tld,1
169.237.318.33,0,numeric,1
_LDAP._TCP.DC._MSDCS.WORKGROUP.DLINK,0,frequent,1
VPFKEZFQDGBPJ,0,dga,1
TMLXQGL,0,dga,1
HGYORLJKVW.RGA.IP,0,other,1
WWW.MBWDC.CN.LOCALDOMAIN,0,frequent,1
WMCUFUAMHIJOHU,0,dga,1
JCAPPYCFSZ,0,dga,1
POLICY.JD.COM,0,tld,1
FBFWTIEBFY,0,dga,1
MIG.STR.MDT.QQ.COM,0,tld,1
LB._DNS-SD._UDP.\168}\008\002\248\137\008\002{93619BAB-0E00-4168-A9D6-A761B49C44E9},0,binary,1
6.3.6.9.A.1.C.A.E.F.E.5.0.0.0.0.0.0.0.0.0.0.0.0.0.0.0.0.0.8.E.F.IP6.ARPA,0,tld,1
DR._DNS-SD._UDP.@F\212,0,binary,4
API.SURFEASY.COM,0,tld,1
D1H3ALRT74O49P.CLOUDFRONT.NET,0,tld,1
371.302.270.354,0,numeric,1
USPPYPSCCMW03.CORPORATE.IVH,0,other,1
1H11UP.WWW.LHCV79P.T9VR.6K0G.HOST11366,0,other,1
WZWPNRYTRPJP,0,dga,1
EVROCIMD.DOMAIN_NOT_SET.INVALID,0,rfc6771,1
170.324.377.355,0,numeric,1
NS-LACNIC.NIC.MX,0,tld,2
KEEPER-CMS.S3.AMAZONAWS.COM,0,tld,1
PING3.TEAMVIEWER.COM,0,tld,1
KPFQFIA,0,dga,1
CRAFTAHOLICSANONYMOUS.NET,0,tld,1
RPKLQZHKYBTGQ,0,dga,1
BHNMDKRGDUJFA,0,dga,1
S2.ICTO-4270-09.G7.Z,0,other,1
STSDK.VIVO.COM.CN.WSGLB0.COM,0,tld,1
IKCART.ALIPAYDNS.COM,0,tld,1
SOLR.US_RM_SEARCH.ITEM.C001.R002.63.1.1488940035,0,numeric,1
WWW.GOOGLE.COM.HK.HOME,0,frequent,1
NS3.DOMREG.LT,0,tld,1
BQGDNJPP,0,dga,1
GZIWYQJEVEJSGXQ,0,dga,1
POP.MEITIPU.COMYANNI.MENG,0,other,1
ERFHYYSYWD,0,dga,1
PHOTO.CNTV.CN,0,tld,1
ID.GOOGLE.CO.TH,0,tld,1
ZA-5ZHLLV1.MPA-SD.LOCAL,0,rfc6771,1
DDTSQVZHTADSG,0,dga,1
CEZKUOT,0,dga,1
OJDSUJDPYEBT.DHCP HOST,0,bad_syntax,2
CTLDL.WINDOWSUPDATE.COM,0,tld,2
YFBCLRRPZWW.DHCP,0,frequent,1
NS4.PINTEREST.COM,0,tld,1
HTLLRJLVKKMFVLK,0,dga,1
260.013.106.363,0,numeric,1
QORQDLXFE,0,dga,1
ICNYHNWFD,0,dga,1
LISTAS.20MINUTOS.ES,0,tld,1
XYCIHPAWXL.WI-FIWALKER.HOME,0,frequent,1
SYNC.PCFASTER.BAIDU.COM.EG,0,tld,1
EALFNKJYVZKECS,0,dga,1
WSALL.TO8TO.COM.CDN20.COM,0,tld,1
PY,0,tld,1
QTFEKLEF,0,dga,1
HKMLGVPZA,0,dga,1
LB._DNS-SD._UDP.\016\183\169\001\160\202\169\001,0,binary,1
XHTDHBVKZSOAXV,0,dga,1
PDNS196.ULTRADNS.BIZ,0,tld,3
KHAHINL.HOME,0,frequent,1
136.271.034.372,0,numeric,1
FEEDSPORTAL.COM,0,tld,1
SAHAMGOSTARAN.COM,0,tld,1
EFHZCPKYUSSBGTN,0,dga,1
HVJMQREW,0,dga,1
OAOJTONJ,0,dga,1
LOASQHUKK,0,dga,1
DNS1.INTERNETMOVILCANCUN.COM.MX,0,tld,1
FKCJEDNBBCII,0,dga,1
YXJZFQCS,0,dga,1
ATGOSHKJJF,0,dga,1
IL01-CL01-VPL-XERO-ADNS-003.IPNMS.NET.PA.CNSD.CFG.SRCHDELIV.COM,0,tld,1
OPT.XDWSCACHE.OURWEBPIC.COM,0,tld,1
CGY20180,0,other,1
BCX9BT0G-1.PKITA.INF.NEO,0,other,1
MIGRATIONHOLD134.FTW1,0,other,1
TRWAXVQ,0,dga,1
MEDIA1.ADMICRO.VN,0,tld,1
QTNKLSKIZGLQK,0,dga,1
FVRXEBETJXXH,0,dga,1
DQQOXBNGQXS.RGA.IP,0,other,1
FKNVHDDSMBE,0,dga,1
KMGVVZVRDHLTTAN,0,dga,1
VDDPCJPPBKREV,0,dga,1
BP.BLOGSPOT.COM,0,tld,1
065.176.350.215,0,numeric,1
_SIP._UDP.5587,0,numeric,1
YFJSSRFWPFRDFZ,0,dga,1
MISOSOUP.IO,0,tld,1
6ROOM.XDWSCACHE.OURGLB0.COM,0,tld,1
FZVWETZPWY.HOME,0,frequent,1
NHSQXDYYUSRSGA,0,dga,1
US.MCAFEE.COM,0,tld,1
NS1.SPORTSVUE.NET,0,tld,1
PAEMCDQKNEPGZX.HOME,0,frequent,1
NZCXEIXH,0,dga,1
PAXIQDEMNUG,0,dga,1
OGBAQLHNBZOJEU,0,dga,1
BCX9BT0G-1.SLK.INF.NEO,0,other,2
PHHHOTO-NODE.HEROKUAPP.COM,0,tld,1
HMCS6VP8N8OSM.FJVPDMW,0,dga,1
H12-MEDIA.COM,0,tld,1
AKZOFLHMWOJ,0,dga,1
NS2.COLOCROSSING.COM,0,tld,1
ZSYAPPHFCCMNF,0,dga,1
RCCCAM.DDNS.NET.HOMESTATION,0,frequent,1
WTPWRMXBYIVTW,0,dga,1
194.181.270.244,0,numeric,1
EPDG.EPC.MNC480.MCC311.PUB.3GPPNETWORK.ORG,0,tld,1
OGBERDFT,0,dga,1
OMUXUEIOLOSFYCK,0,dga,1
WDSLZFMYPJIVHOM.MILLER.AMERICAS.GCN.LOCAL,0,rfc6771,1
S1001-HLQZ.4399SY.COM,0,tld,1
CUBLPEZDKHZGO,0,dga,1
GMCEKBIXULY,0,dga,1
UXQODVVPKVTDJ,0,dga,1
WWW-STAGE.N3TWORK.COM.S3-WEBSITE-US-EAST-1.AMAZONAWS.COM,0,tld,1
HBZLKHX,0,dga,1
DB._DNS-SD._UDP.\144D\249,0,binary,2
CMT.PCONLINE.COM.CN.CDN20.COM,0,tld,1
XBMGLTTTVWU,0,dga,1
WWW.LINKEDIN.COM,0,tld,1
1ST.XDWSCACHE.OURWEBPIC.COM,0,tld,1
_LDAP._TCP.CENTRALOFFICESITE._SITES.DC._MSDCS.CH.OFFICE.ACCESSCARE,0,dga,1
NIMG.WS.126.NET,0,tld,1
NIMBUS.BITDEFENDER.NET,0,tld,1
CDSCCLEB,0,dga,1
APPFLY.MOBI,0,tld,1
NS3.GOODNIC.NET,0,tld,1
045.305.271.064,0,numeric,1
ZPGGVTNLUZA.LOCKLINE.LOC,0,frequent,1
EBVHVEJUKVW,0,dga,1
DWAXWWUVYSFVAMT,0,dga,1
SHVITXEUFHK,0,dga,1
WKNUCPIYCYTBW,0,dga,1
OSEWNCPN,0,dga,1
NS1.ASUSCOMM.COM,0,tld,1
HNYWOWXEDBIFG,0,dga,1
ZGXWZHRGHKWY,0,dga,1
NS2.DUKANE.COM,0,tld,1
YVHACFTZXMTNPPU,0,dga,1
GQGYVEDJTSPC,0,dga,1
KAOSWDCTUZVOMKR,0,dga,1
INIT.ITUNES.APPLE.COM,0,tld,1
U.ARIN.NET,0,tld,1
TOOLS.GOOGLE.COM,0,tld,2
S2.WATCHR-SIGN-01.G10.Z,0,other,1
TJJPFHZ,0,dga,1
NS2.NUCLEARFALLOUT.NET,0,tld,2
LB._DNS-SD._UDP.`\150F\001,0,binary,2
GRAPH.INSTAGRAM.COM,0,tld,1
54.231.81.210,0,numeric,1
CCHJHNKXY,0,dga,1
WJOXRDZ,0,dga,1
WWW.ZWPLOD.COM.CN,0,tld,1
RG-673AE130A69890B25B1AB8084D322D33.PORT2408.NET,0,tld,1
ARI.BETA.ARIDNS.NET.AU,0,tld,3
JJUCUCFE,0,dga,1
YOLUXOQI,0,dga,1
API.ACCOUNT.XIAOMI.COM.BELKIN,0,frequent,1
TMWVTSDRXG,0,dga,1
DNL-02.GEO.KASPERSKY.COM,0,tld,1
WWW.JMXZC.CN.LOCALDOMAIN,0,frequent,1
ZACLRUJ,0,dga,1
YOUTU.BE,0,tld,1
SOGOU.NDLMIX.OURDVS.COM,0,tld,1
R._DNS-SD._UDP.\232\241\147,0,binary,4
COBOTX36E1GXK.AIDZRIYQQN,0,dga,1
UQTISCYJFSXCQS,0,dga,1
NS1.ULRIC.UK,0,tld,1
MKFJMTBUN,0,dga,1
234.052.304.216,0,numeric,1
MAFF.COM,0,tld,1
TLYHPSMHFRAQD,0,dga,1
207.345.235.215,0,numeric,1
WWW.RO123.NET,0,tld,2
NS1.IKP.PL,0,tld,1
BHUCPOPS,0,dga,1
MHXZ.RES.TS100.COM.CDN.DLGSLB.COM,0,tld,1
QTKJWMKSEW,0,dga,1
YPZAMXQIPIE.DLINK,0,frequent,1
_LDAP._TCP.X1-R90KE19J,0,other,1
GW.API.TAOBAO.COM,0,tld,2
POS11.COMPACT_QVM_ROUTER,0,jumbo,1
LRDEVJMVAHUSM,0,dga,1
DB._DNS-SD._UDP.X\199\039,0,binary,1
BSHZHLAHJI,0,dga,1
LV3NS8.FFDNS.NET,0,tld,1
KIMKXOIAIVYAHQV.HITRONHUB.HOME,0,frequent,1
RIVVMPAPY,0,dga,1
CENTERFORWOMENSMINISTRIES.ORG.DBL.SPAMHAUS.ORG.LOCALDOMAIN,0,frequent,1
CDWXIWTAMQCN.RGA.IP,0,other,1
NS2.WAT2DOO.COM,0,tld,1
BBGUTEVJEDAOB,0,dga,1
DR._DNS-SD._UDP.\2167\164,0,binary,1
8F1B612D-CCE2-40C9-B664-403A2280EB29.AWS.LOCAL,0,rfc6771,1
OFWEXYJRSHGOQB,0,dga,1
NS1.SKYCABLE.NET,0,tld,1
SECURE-M.BLOOMINGDALES.COM,0,tld,1
DR._DNS-SD._UDP.\160\249\224\001,0,binary,1
HPXSFOZETKMXJ,0,dga,1
NS1.E.SHIFEN.COM,0,tld,1
HGFEGXJJMV,0,dga,1
J.ROOT-SERVERS.NET,0,tld,12
JUSTYMJUKZEVGJP,0,dga,2
WWW.XVIDEOS.COM,0,tld,1
1070406717.INVALID,0,rfc6771,1
FVZSXBWD,0,dga,1
NQNKUXNYQAF,0,dga,1
RYWGGTGMAFZZPLZ,0,dga,1
YUPPLDQLZ,0,dga,1
P12-KEYVALUESERVICE.FE.APPLE-DNS.NET,0,tld,1
WWW.MBXBC.CN.LOCALDOMAIN,0,frequent,1
SSLWIDGET.CRITEO.COM.KWIT.LOCAL,0,rfc6771,1
PRNOOZTBKN,0,dga,1
MOEVAX.EDU.TW,0,tld,2
_STUN._UDP.8005,0,numeric,1
HPDNQQMMJ,0,dga,1
VFCBDNE,0,dga,1
FE80::A232:99FF:FEE9:A5CF.LOCAL,0,rfc6771,1
SRVMPKDC04.AME.MSD.WORLD.SOCGEN,0,frequent,1
SEJBOJCXYOU,0,dga,1
EDEFUFYXDY,0,dga,1
CM.G.DOUBLECLICK.NET,0,tld,1
WYFAKJMBIBI,0,dga,1
PCH.COM,0,tld,1
NS3.SPEEDCDNS.INFO,0,tld,1
W.W.W.1DU-U6098452F-C233-S1495509889-I00000000-APNIC-TEST,0,jumbo,1
FNREXUCNAOOSFO,0,dga,1
ORIGIN-IPA.AIRBNB.COM,0,tld,1
UZOXWOOK,0,dga,1
TRQKSJGMD,0,dga,1
ETXDWZGJQHAL,0,dga,1
DLCRBLQEGJXXWA,0,dga,1
SXTBASR,0,dga,1
KUMOLWZIES,0,dga,1
_LDAP._TCP.810C6561-3D09-4C78-9D16-278B0964380E.DOMAINS._MSDCS.PATHWAYSSL.LOCAL,0,rfc6771,1
LLOK.GW9GW.CO.LOCALDOMAIN,0,frequent,1
ZMUPMDMW,0,dga,1
NS1.TUPPERWARE.NET,0,tld,1
DNS13.OVH.NET,0,tld,1
N1.D6.NET,0,tld,1
CLIENTS4.GOOGLE.COM,0,tld,1
UPDATE33.MYFVWMJ.RU.RGA.IP,0,other,1
WPAD.SPSLOTS.GAUGHAN.NET,0,tld,1
UHCEDYWHHK,0,dga,1
NS4.VECON.NET.BR,0,tld,1
LOYALTY-FB-4.SHADOWLANDS.RU,0,tld,1
NS1.USERVOICE.COM,0,tld,1
GGVPPKZBFMR,0,dga,1
NS3.1DOMAIN.NAME,0,tld,2
176.127.269.100,0,numeric,1
NJNMRSEUHAY,0,dga,1
CKKDZPVKXWBHXP,0,dga,1
MUNDO52.COMTODO-LISTO-PARA-MODA-MEXICANA,0,jumbo,1
JPFHLPEBE,0,dga,2
TGWHNJWYIJYUZ,0,dga,1
EAARRCZDXYUQDKS,0,dga,2
BTQSGKU.HITRONHUB.HOME,0,frequent,1
DNRRVGMVSGMIGDH,0,dga,1
BB5.HAONIC.NET,0,tld,1
R._DNS-SD._UDP.P\150\013\001,0,binary,8
245.115.310.211,0,numeric,1
FIAZDSGCIKBIKPA,0,dga,1
MKQBGHCBGMPMG,0,dga,1
A267.G.AKAMAI.NET,0,tld,1
RUWDJBAZIXJL,0,dga,1
106.331.220.007,0,numeric,1
DOWN.XIAOXINRILI.BAND.GLB0.LDCACHE.NET,0,tld,1
JYAFGLBU,0,dga,1
S.CONF.WSM.360.CN,0,tld,1
IIGKTNRPKBGC,0,dga,1
EPSON73B546.HOME,0,frequent,1
_LDAP._TCP.DC._MSDCS.AXIO.NET,0,tld,1
EIRDGIZANNQEND,0,dga,1
ADM-KMS.SUSD.LOCAL,0,rfc6771,1
L.GTLD-SERVERS.NET,0,tld,1
NLMIBWLKJUC,0,dga,1
_LDAP._TCP.DEFAULT-FIRST-SITE-NAME._SITES.IKETEL.LOCAL,0,rfc6771,1
UA,0,tld,1
ERR.TAOBAO.COM,0,tld,1
QLQXQWCVAWGQ.HITRONHUB.HOME,0,frequent,1
SMTP103.CYBER.GOHAPPY.COM.TW,0,tld,1
UBUOWDCFCKRZRJX,0,dga,1
25.36.101.55.IN-ADDR.ARPA,0,tld,1
INS2.EZNOWDNS.NET,0,tld,1
UY,0,tld,1
ENRSMBUV,0,dga,1
GMWRBCDNNGQ.TELUS,0,other,1
SOLR.US_RM_SEARCH.ITEM.C001.R001.63.1.1488940035,0,numeric,1
CDPIX,0,other,2
PORTAL.FB.COM,0,tld,1
GOILADEN.VN,0,tld,1
066.310.163.373,0,numeric,1
MHPTZYTQHCCMJ,0,dga,1
WALYUKBAAMSOC,0,dga,1
ABEZHLJNADWK.HOME,0,frequent,1
OBCQBEBAFJLZ.DHCP HOST,0,bad_syntax,2
OUNGCHMS,0,dga,1
FVHMODDPSSS,0,dga,1
API.APPOBS.COM.BELKIN,0,frequent,1
ZJNNLGDVHSMZY.HOME,0,frequent,1
API.SPORTS.YAHOO.COM.RGA.IP,0,other,1
WWW.CS,0,other,1
ALARY.ACCOUNTANT,0,tld,1
WWV.RENREN.COM,0,tld,1
JYJFJMMVRJIBSR,0,dga,1
NS.MACOMNET.RU,0,tld,1
143.215.131.197.IP4.NYUCD.NET,0,tld,1
VE,0,tld,1
HUQXBACQ,0,dga,1
BZDNWXF.HOME,0,frequent,1
PLPLSMYTNQDB,0,dga,1
VN,0,tld,1
MANFJZGCWUMHEKK,0,dga,1
B._DNS-SD._UDP.\131,0,binary,1
DIUYUHRFFR,0,dga,1
UZKHKMPTADWU.HOME,0,frequent,1
376.256.334.073,0,numeric,1
R._DNS-SD._UDP.\016\127\134\002(K\017\001OM,0,binary,1
S2.CLD-APPITPROD-B9YBSAZ-9440.D4.Z,0,other,1
QZJLBLDU.DHCP,0,frequent,1
IU.SNSSDK.COM,0,tld,1
CMPPSCCM01VH.CAM.CORP,0,frequent,1
BAGCXOHLWKCI,0,dga,1
TMRXKREKSF,0,dga,1
E8960.E2.AKAMAIEDGE.NET.LOCALDOMAIN,0,frequent,1
NXNHPJQHUWYF,0,dga,1
QCSXADKFF,0,dga,1
A8.QCBLZX.COM,0,tld,1
TBFGQLII,0,dga,1
SAFEBROWSING.GOOGLE.COM,0,tld,1
DNS4.ALLEGRO.PL,0,tld,1
SMM.OUTBRAIN.COM.HOME,0,frequent,1
DR._DNS-SD._UDP.(ZP\0010C\177,0,binary,2
UODXFMMF,0,dga,1
345.065.355.223,0,numeric,1
ZHAOYISIMANAI,0,dga,1
DFKRKXZKOELD,0,dga,1
FRIDZVV,0,dga,1
AAUHLLYQP,0,dga,1
KVEZQRWUZSEO,0,dga,1
SS2.US,0,tld,1
RBGMXLM,0,dga,1
KVLIPWS.RGA.IP,0,other,1
WWW.LOCALNETWORK.UOP.WORKGROUP,0,frequent,1
CLUB.XCAR.COM.CN,0,tld,1
DESKTOP.MEMBERTY.COM,0,tld,1
247.129.60.52.BL.KONSTANT.NO,0,tld,1
BYAYYMIXAK,0,dga,1
NS1.DUKANE.COM,0,tld,1
FASTLAUNCHER.XYZ.HOME,0,frequent,1
107.215.270.194,0,numeric,1
JHCQTGXBXEB,0,dga,1
QKSAYHGKW,0,dga,1
F.XDWSCACHE.OURGLB0.COM,0,tld,1
MEDIAWAS.JUNEYAOAIR.COM.WSWEBCDN.COM,0,tld,1
LNVQRDEXQAD,0,dga,1
CAHW01IT02.MOLINA.MHC,0,other,1
859715749.INVALID,0,rfc6771,1
1394221175.INVALID,0,rfc6771,1
DYNUPDATE.NO-IP.COM,0,tld,1
PAASDREGPROD-7761.CCG21.DEV.PAYPALCORP,0,dga,1
JJTUSLJHT,0,dga,1
DB._DNS-SD._UDP.\208X\012\001XE\012\001,0,binary,1
_LDAP._TCP.PC06F053,0,other,1
CONN1.OPPOMOBILE.COM,0,tld,1
BUY.CCB.COM.DHCP HOST,0,bad_syntax,1
HOUSOULIFE.COM,0,tld,1
WWW.51TESTING.NET,0,tld,1
GYPSXME,0,dga,1
DNS104.COMCAST.NET,0,tld,1
WZBVBNWILF,0,dga,1
CDNBBVFW.SHOUJIDUODUO.COM.CLOUDGLB.COM,0,tld,1
AADRZRLZJ,0,dga,1
KVWCKPGOAQXMX,0,dga,1
LIST3.PPSTREAM.COM.IQIYI.COM,0,tld,1
176.269.92.142,0,numeric,1
OCDMSZCA,0,dga,1
GOYOSNGHUO.HOME,0,frequent,1
WWW.HIK-ONLINE.COM,0,tld,2
IDUXGOT.QINIUDNS.COM,0,tld,1
R._DNS-SD._UDP.0\039\174\001,0,binary,1
WBPITZJMPGDFXN,0,dga,1
PUSH.UMEYE.CN,0,tld,1
DAJHDFEIXC,0,dga,1
HBPFEJJ,0,dga,1
ZQPEGFKGSHT,0,dga,1
NGPVYSIPUOORRWM,0,dga,1
WWW.MXBKC.CN.LOCALDOMAIN,0,frequent,1
NS1.POJ-IYD.COM,0,tld,1
SBWNTNMVMRI,0,dga,1
IMG2.FONTS.CACHE.WPS.CN,0,tld,1
TXSSJSISNXOIDH,0,dga,1
POOLESHAFFERY.COMG,0,other,1
BE.DPOOL.SINA.CN,0,tld,1
COMMENT.API.163.COM,0,tld,1
CORROSIF.SCIENCE,0,tld,1
DB._DNS-SD._UDP.X\1854\001\160\137\234\001,0,binary,1
RSMQYYTXQ,0,dga,1
127.217.301.301,0,numeric,1
WWW.ADMEDIA.CO.KE,0,tld,1
MZOWYCGGG,0,dga,1
MSETXHWWDFYR,0,dga,1
IHLSORNCB,0,dga,1
IZJANHUEB,0,dga,1
XYTEKHUG,0,dga,1
ANS0.EWETEL.DE,0,tld,1
XN--SJQP56E2Z7A.BAICAIO,0,dga,1
ZTNEKUFOPHSSOHK.PSSI.LOCAL,0,rfc6771,1
HEQSXBW,0,dga,1
NS1.COLOCROSSING.COM,0,tld,1
U1.IMG.MOBILE.SINA.CN,0,tld,1
SCJDMCMSPRD.CLOUDAPP.NET,0,tld,2
SHASTACLT.EASTUS.CLOUDAPP.AZURE.COM,0,tld,1
FRQNVWNCENXMV,0,dga,1
141.36.101.55.IN-ADDR.ARPA,0,tld,1
B.DNS.CN,0,tld,2
FLORIST.CACRESTONE-HOPE_CONTINUES-1010.HTM,0,frequent,1
WWW.1SAE.COMFAVICON-128.PNG,0,frequent,1
N5V3601B45-AR.UMS.ADTECHUS.COM,0,tld,1
QRHEZGUA.HOME,0,frequent,1
PINGHOT.QQ.COM,0,tld,1
MJIWWCAAALFIH,0,dga,1
ZLRSYXUJQMJAY,0,dga,1
192.168.18.23-340683F0,0,other,1
UIZGPKFCDR.LAN0,0,other,1
EUZOCCIPMD,0,dga,1
TIHEPCMKPYS,0,dga,1
WSALL.M0DYCDN.CDN.DOUYUCDN.CN.WSCDNS.COM,0,tld,1
DB-CERT-S1-01_JAIL0,0,jumbo,1
ABBKIKRLHB,0,dga,1
DNS1.NIC.UK,0,tld,3
TSRMXBWAXQMXIKM.DHCP HOST,0,bad_syntax,1
NS3.INWX.EU,0,tld,1
FNF_ASPIRE_V13.INF.NEO,0,other,1
A1834.DSPG2.AKAMAI.NET,0,tld,1
ABSNGAUQL,0,dga,1
BSHVEFL,0,dga,1
IYRLLPREVR,0,dga,1
AIRBNB,0,other,1
VIEW.TOM.COM.LOCALDOMAIN,0,frequent,1
SPIRO.AI,0,tld,1
KNCTWYZ,0,dga,1
DUYSAOI,0,dga,1
DISTRIBUTION-CONTENT-PUGPIG-STAGE.S3-WEBSITE-EU-WEST-1.AMAZONAWS.COM,0,tld,1
BNFLRUJKMVQ,0,dga,1
OESVKRBPS,0,dga,1
NS1.PMAUSA.SITE,0,tld,1
ASIA3.AKAM.NET,0,tld,1
S2.ICTO-11652-04.D2.Z,0,other,1
LB-IM-12-2017274345.AP-SOUTHEAST-1.ELB.AMAZONAWS.COM.GATEWAY,0,frequent,1
WXBIWWJUAHURX,0,dga,1
CKKMQQQGLDAFNKZ,0,dga,1
TRACKERCDN.KUGOU.COM.WSGLB0.COM,0,tld,1
STAGING-ORIGIN.WEDDINGSINTHECITY.COM,0,tld,1
-J}\224.J}\224/J}\224,0,binary,4
IUDUWFX.TELUS,0,other,1
CLIENTS3.GOOGLE.COM,0,tld,1
LTJUINJO.HOME,0,frequent,1
BWHKFWX,0,dga,1
WYUFTIOAIU,0,dga,1
DEFAULT-CLUSTER.PUSH.CLOUD.QIKU.COM,0,tld,1
ZSPSDXPQQ,0,dga,1
CPX-2MGLRXM2IWS.EC2.INTERNAL,0,frequent,1
ZKUFJUIEC,0,dga,1
164.92.12.7M\255\127,0,binary,1
NIOCKTPOKOZH.DHCP HOST,0,bad_syntax,1
BOUZARTH.COMG,0,other,1
GALLERYSYNC-T.SMARTISAN.COM,0,tld,1
377.101.320.131,0,numeric,1
_LDAP._TCP.PDC._MSDCS.ACTUALNQN.LOCAL,0,rfc6771,1
INSITE,0,other,1
MREXJNXZ,0,dga,1
GXNZRPINTJS,0,dga,1
CEVPXPYYVE,0,dga,1
JPUSHJD.M.JD.COM,0,tld,1
VXWRHMHYJFIAPT.HOME,0,frequent,1
RJSYLFJOIENGE,0,dga,1
NS1.CPUCHECKS1.COM,0,tld,1
LSI200542,0,other,1
DC01-SC1.CORP.SHUTTERFLY.COM,0,tld,1
UBQGRNBGRYAV.HOME,0,frequent,1
XWZDBAXRH,0,dga,1
54.241.161.60.US.NET.INTRA,0,frequent,1
311.250.100.234,0,numeric,1
JJQCQXCLQMBW.MU.NASHR,0,other,1
QYLFKJGW.HOME,0,frequent,1
WWW.JD.COM,0,tld,1
JUNGFRAU.CH,0,tld,1
VBTIVJARZUNE,0,dga,1
MANUS.AUTHDNS.RIPE.NET,0,tld,2
177.055.010.232,0,numeric,1
RESOLVE-TO.WWW.FANTASYNAMEGENERATORS.COM,0,tld,1
333.005.363.274,0,numeric,1
HEARTBEAT.BELKIN.COM,0,tld,1
I.ROOT-SERVERS.NET,0,tld,5
NS2.EDGECASTDNS.NET,0,tld,1
EBAYUK-D.OPENX.NET.LOCALDOMAIN,0,frequent,1
NS2.X3HOSTING.NET,0,tld,2
JYZYPMA,0,dga,1
HUFFLEPUFF.SAAS.SL,0,tld,1
NPJXTDBSUBUJOQC,0,dga,1
G-NS-759.AWSDNS-53.ORG,0,tld,1
NS-CNC1.QQ.COM,0,tld,1
XHFSWOAPHJAE,0,dga,1
NS2.S-MSEDGE.NET,0,tld,1
ZMWZMFA,0,dga,1
MAQOYNV.HOME,0,frequent,1
23.0-24.45.89.64.IN-ADDR.ARPA,0,tld,1
SKYDRIVE.WNS.WINDOWS.COM,0,tld,1
IHSBWLFYGAT.HOME,0,frequent,1
NS1.SINA.COM,0,tld,1
YATEJCWLYLY,0,dga,1
NS2.NEVILLEHOBSON.EU,0,tld,1
XKUASYRPGJEL.RGA.IP,0,other,1
YXUFQOCOPNMM,0,dga,1
035.374.221.012,0,numeric,1
PRINCESATAMARA.BLOGSPAT,0,dga,1
TLEKHTVZDACIHZN,0,dga,1
P62-CKCODEROUTER.FE.APPLE-DNS.NET,0,tld,1
HELDXDZXUHCMLCT,0,dga,1
AGDMZIFBJMIWGK,0,dga,1
KZJDFKYH,0,dga,1
PGFHLIVQDKM,0,dga,1
ZPXEZVCQOVPNHQ,0,dga,1
SCEVZRSWCLPZ,0,dga,1
KEFFERMAZDA.COM,0,tld,1
FHGXIAJ,0,dga,1
WZQRFEXPWGYIB,0,dga,1
AUTODESK.COM,0,tld,1
66.166.243.210.LIST.DSBL.ORG,0,tld,1
PRQSOITSEXIX,0,dga,1
GPMYDKTIF,0,dga,1
HDYAZOQ,0,dga,1
DNS101.COMCAST.NET,0,tld,1
DR._DNS-SD._UDP.\208M\183,0,binary,4
LJOCPURZFPKTJDU,0,dga,1
*.DROPBOX.COM,0,tld,1
XMCMNSNUVXALA,0,dga,1
DNS3.ALLEGRO.PL,0,tld,1
NS4.E.SHIFEN.COM,0,tld,1
DC01-LV.CORP.SHUTTERFLY.COM,0,tld,1
TBZRYQXWND,0,dga,1
DARUTQHRKHVEDKU,0,dga,1
NS4.HPECORP.NET,0,tld,1
S2.AVAHC-ADFSPRX.D3.Z,0,other,1
NS2.IQMETRIX.COM,0,tld,2
NB-GATE-IO.QINIU.COM,0,tld,1
NS.TELENET-OPS.BE,0,tld,1
INSOMAVPPOD01B.CORP.INTRANET,0,frequent,1
WWW.360.COM,0,tld,1
XMAILSERVER.TEST,0,rfc6771,1
DB._DNS-SD._UDP.@F\212,0,binary,5
POP-AM.RNP.BR,0,tld,1
CULTURES-ONLINE.DE,0,tld,1
MTUZGPESNYS.HOME,0,frequent,1
ZJWQPCG,0,dga,1
DB._DNS-SD._UDP.\016\176\206\001\184\237\206\001\192\168,0,binary,2
GHS.L.GOOGLE.COM,0,tld,1
DRCVOJAEDIQ,0,dga,1
K.GTLD-SERVERS.NET,0,tld,2
OFOMBIQGIYYZWZ.TELUS,0,other,1
EMBMMTIFHEW,0,dga,1
TGEOSUAEAYF,0,dga,1
DETAIL.WORKGROUP,0,frequent,1
031.265.207.374,0,numeric,1
INHUKOJTX,0,dga,1
CN1PRDFS01.DEV.CORP.LOCAL,0,rfc6771,1
DQSYDPESXQVUQR,0,dga,1
VFUBCFHIZZTYYFN.HOME,0,frequent,1
B2.ORG.AFILIAS-NST.ORG,0,tld,1
RJRCRPAUBBDK.DHCP HOST,0,bad_syntax,1
GTELDWIJ.DHCP,0,frequent,1
MPMTKDZTCDAOA,0,dga,1
YMMOPGERKXA,0,dga,1
254.346.277.136,0,numeric,1
BUSHLANOV-ADVOKAT.RU,0,tld,1
NS.GUANGZHOU.GD.CN,0,tld,1
ALLTEL.NET,0,tld,1
NS.EMAJI.COM.TW,0,tld,1
RC-CEROS-PLAYERFILES-S3-US-EAST-1.S3-WEBSITE-US-EAST-1.AMAZONAWS.COM,0,tld,1
POP110.CN4E.COM,0,tld,1
LFVWAKBZJDABPCO,0,dga,1
CWUPFXPDOMFEV,0,dga,1
SUPL.GOOGLE.COM,0,tld,1
38901069.INVALID,0,rfc6771,1
STEX-1HWTYHG.INF.NEO,0,other,2
IPHONE.GAOKEAP,0,dga,1
S.C-CTRIP.COM,0,tld,1
WICZZRZL.HOME,0,frequent,1
XN--P\044-WYB,0,bad_syntax,1
S10.HISTATS.COM.WEB.CDN.ANYCAST.ME,0,tld,1
LV3NS1.FFDNS.NET,0,tld,1
GYNSRSFGWACYOJ,0,dga,1
ZMRCOKGLTVS.NINJAVAN.ENTERPRISE,0,dga,1
ARI.ALPHA.ARIDNS.NET.AU,0,tld,2
NS1.UC.CN,0,tld,2
ZILMSRMJHC,0,dga,1
ZAKERI-PC.HOME,0,frequent,1
FSWKJCJ,0,dga,1
PSNSTJFA,0,dga,1
AYBIVEE,0,dga,1
OHPOJRMJXI,0,dga,1
NS3.CDN20.ORG,0,tld,1
BRW7429AF2E34D9.DHCP HOST,0,bad_syntax,1
AQVEXPJE,0,dga,1
142.150.238.12.IP4.NYUCD.NET,0,tld,1
KGJSDOVM,0,dga,1
WYLWCSAXU,0,dga,1
UCS.QUERY.YAHOO.COM,0,tld,1
YANW5KM0XLDMSEK.DOMAIN,0,frequent,1
NS2.EJCSOLUTIONS.COM,0,tld,1
LBROCARD-LAMBDA-PURGE.S3-WEBSITE-EU-WEST-1.AMAZONAWS.COM,0,tld,1
226.071.256.012,0,numeric,1
IRDFDIE,0,dga,2
WBVVBFDGBEGVI,0,dga,1
231.34.237.212.PW.COUNTRIES.NERD.DK,0,tld,1
WUPHRFUIRWG,0,dga,1
API.M.TAOBAO.COM,0,tld,1
BMMMFMELA,0,dga,1
45.62.55.184\044 10.1.26.20,0,numeric,2
NPJOHBIKQTSKWKD,0,dga,1
NS2.E.FROSTBANK.COM,0,tld,1
AFFILIATES.COMMISSIONACCOUNT.COM.HOME,0,frequent,1
TJ.UNION.IJINSHAN.COM,0,tld,1
QDDBCFZRNNAPK,0,dga,1
DMLVSFMCL.DLINK,0,frequent,1
QNCVFNFVJGXBI.ARRIS,0,other,1
IOTSECURITYRESEARCH.INFO,0,tld,2
35.34.101.55.IN-ADDR.ARPA,0,tld,1
MPS.AMAP.COM.DHCP,0,frequent,1
OKXATCR,0,dga,1
66.176.193.124.IN-ADDR.ARPA,0,tld,1
DB._DNS-SD._UDP.P\150\013\001,0,binary,4
WN7RYRIIAT59KZ0CBRHIDMLASEFTTAFP,0,jumbo,1
QT-M33JOSIY8P.WWW.OBLIKAME.CZ,0,tld,1
NS2.DATAGROUP.COM.UA,0,tld,1
PRT050-LEGAL02.DTI,0,other,1
JJMFJHJLXNKWC,0,dga,1
IFTTZJCKM.MIRAIT.LOCAL,0,rfc6771,1
TRBJWTEVSBBUDO,0,dga,1
FDBYSFVFAGWZEFE,0,dga,1
DHTHFCDWRQFX,0,dga,1
MRUFDGHGRTCJQI,0,dga,1
LB._DNS-SD._UDP.\240\234\015\001\008A\015\001,0,binary,1
E-PLANNING.NET,0,tld,1
INS5.EZNOWDNS.NET,0,tld,1
AMV-STAGE-HBZ.S3.AMAZONAWS.COM,0,tld,1
EXT-DNS-2.CERN.CH,0,tld,1
WAC014.TOJ,0,other,1
ZOSXK556.SCIENCE,0,tld,1
CM.V3W.MOJICHINA.COM,0,tld,1
TESTMAIL.COM,0,tld,1
SHYPTWHGLZNWLI,0,dga,1
LOYALTY-FB-3.SHADOWLANDS.RU,0,tld,1
PSTUDENT-AVATARS.S3-WEBSITE-US-EAST-1.AMAZONAWS.COM,0,tld,1
LOI8Y0V6ALR5RE.WSCLOUDCDN.COM,0,tld,1
JWKJZCORBQF,0,dga,1
NS5.INCAPDNS.NET,0,tld,1
PNBHUSO,0,dga,1
DFYCYHJIHZHANC,0,dga,1
HZQVMOF,0,dga,1
BFWLICKZMMYF,0,dga,1
PJJISGCQXWN.DHCP,0,frequent,1
NS1.VODAFONE.COM,0,tld,1
HKG-FXAUTH.NEO-SVC.UBS.COM,0,tld,1
RSUP10.RISING.COM.CN,0,tld,1
HPCC-PAGE.TELSSR.CHINACACHE.NET,0,tld,1
AUTOOCENKA.PRO,0,tld,1
LB._DNS-SD._UDP.\144E\190,0,binary,1
NS3.UC.CN,0,tld,2
TEAMCITY.AUREA.LOCAL,0,rfc6771,1
MKDMQWZ,0,dga,1
WWW.JDBYC.CN.LOCALDOMAIN,0,frequent,1
NS1-SWE.GLOBAL.SONERA.SE,0,tld,1
SWVEKKIJ,0,dga,1
POYEUKEYWXCXE,0,dga,1
KJJBJKIJTTWVAXP,0,dga,1
DNS4.VIRGILIO.NET,0,tld,1
B._DNS-SD._UDP.`\2466,0,binary,3
WWW.ADAALO.COM,0,tld,1
NS2.FIBERNET.HU,0,tld,1
WZOFFVKIBPFG,0,dga,1
MOBILEAD.KUWO.CN,0,tld,1
XJGTWVRTSADH,0,dga,1
HZTDMPL.DHCP HOST,0,bad_syntax,1
THWTCAIX.TELUS,0,other,1
G-NS-915.AWSDNS-19.CO.UK,0,tld,1
_KERBEROS._TCP.DC._MSDCS.10.55.100.10,0,numeric,1
QHZCWLA,0,dga,1
NS1.RILINFO.NET,0,tld,1
WEBHOP.ORG,0,tld,1
DNS1.HCM.FPT.VN,0,tld,1
A.ARPA.DNS.BR,0,tld,2
MVDEZVMUGEE,0,dga,1
CHHCUAHCUD.RGA.IP,0,other,1
CONFIG.CONNECTEDPDF.COM,0,tld,2
DFBVMRVEHSOBFXM,0,dga,1
073.344.165.110,0,numeric,1
FM101.UZ,0,tld,1
115.159.81.133:51239,0,bad_syntax,1
BB.GAME597.CN.OURCLOUDSEC.COM,0,tld,1
XSQUARE.SCLOUD.LETV.COM,0,tld,1
KNFYYRDFMFPX.PK5001Z,0,other,1
ZPBGURXNGXHKNV,0,dga,1
UUNILBALX,0,dga,1
WWQES.SISUIEOCWS.COM,0,tld,1
ZQSPZBUA,0,dga,1
R._DNS-SD._UDP.\152\186D\001\224H?,0,binary,4
WWW.163.COM,0,tld,2
NSC.NIC.UK,0,tld,1
12.80.WEB1.IM.WEIBO.COM,0,tld,1
MY5._DOMAINKEY.WORDPRESS.COM,0,tld,1
WWW.MYDGC.CN.LOCALDOMAIN,0,frequent,1
OPENCDNKA.JOMODNS.COM,0,tld,1
HAAHAMEBYJQASQ,0,dga,2
AV1.NSTLD.COM,0,tld,3
CSDHWIYK,0,dga,1
C0.INFO.AFILIAS-NST.INFO,0,tld,2
356.317.201.262,0,numeric,1
I24.KU6.COM.WSCDNS.COM,0,tld,1
VOJDVVY.HOMESTATION,0,frequent,1
DJEOCZPQBLWUHXT,0,dga,1
WUP.IMTT.QQ.COM,0,tld,1
ZTWHAC.HK.SLMAIL.RBL.35.COM.LOCALDOMAIN,0,frequent,1
RBNLAVX.HOME,0,frequent,1
DNS3.P04.NSONE.NET,0,tld,1
ODXDGMCEMLYJEUV,0,dga,1
INDOM30.INDOMCO.FR,0,tld,1
DPUMLMPI,0,dga,1
S2.TDG-VIOLET.D1.Z,0,other,1
WUMIZPHKADZRALH,0,dga,1
NS4.CONTINENT8.NET,0,tld,1
APS.AMAP.COM,0,tld,1
VIDEOPLEX.COM,0,tld,1
DNS.REGDNS4.EU,0,tld,1
LOAED.COM,0,tld,1
ORIGIN-WWW.MACAOTOURISM.GOV.MO,0,tld,2
LB._DNS-SD._UDP.H)\179\0028\230\171\002,0,binary,1
OBWGPPUVSDXC.HITRONHUB.HOME,0,frequent,1
NEWS.MPUSH.QQ.COM,0,tld,1
YKVRPNWLXMAINESANLEKR.RU.NASHR,0,other,1
NS6.HP.COM,0,tld,1
ECVTYUFPO,0,dga,1
141.222.191.14.L1.SPEWS.DNSBL.SORBS.NET,0,tld,1
NJ09EXM526.MHF.MHC,0,other,1
YFFTXMVVHVJJVDH,0,dga,1
KY.PC8KL.KE.C8R.CK.LOCALDOMAIN,0,frequent,1
NS1.WORLDSTREAM.NL,0,tld,1
ADNS3.DEVRY.NET,0,tld,1
ZIMWHYHUO,0,dga,1
DBVJLEHGUODU,0,dga,1
DEV.EZVIZ7.COM,0,tld,1
GWPLOOFFEYG.COBBROOT.LOCAL,0,rfc6771,1
CCMDXUPROOCBUOD,0,dga,1
W-2.W.W.1DU-UA8D322EE-C104-S1495509887-I00000000-APNIC-TEST,0,jumbo,1
AIONAZEYCHGYYT,0,dga,1
RWMZPSEZMZBXISJ,0,dga,1
DLIED1.QQ.COM,0,tld,1
MJCPHLL,0,dga,1
R._DNS-SD._UDP.\160\145=,0,binary,2
BNHAUWMI,0,dga,1
EFAUTZIWQ,0,dga,1
800000025425-NB,0,other,1
EQMETOMI,0,dga,1
INFOC0.DUBA.NET,0,tld,1
261193B05-29.PKITA.INF.NEO,0,other,1
S2.ICTO-11551-53.D1.Z,0,other,1
AEVENTLOG.BEACON.QQ.COM,0,tld,1
NS1.VOWIFI.SPCSDNS.NET,0,tld,1
WWW.HOWKINDOFYOU.COM,0,tld,2
10.65.0.2\129,0,binary,4
DD9A09E0,0,other,1
DNS2.ALLEGRO.PL,0,tld,1
KZOQRNNDU.ORG.SLMAIL.RBL.35.COM.LOCALDOMAIN,0,frequent,1
INFO.PINYIN.SOGOU.COM,0,tld,1
NET,0,tld,1
DEEVCOGZBFMA,0,dga,1
SKYPE.RGA.IP,0,other,1
92.230.99.223.IN-ADDR.ARPA,0,tld,1
VUVROWLXDRFZUGC,0,dga,1
D3MI3DISPI6388.CLOUDFRONT.NET.HITRONHUB.HOME,0,frequent,1
OPBKAUKSYP,0,dga,1
NS2.TRANSMITTERSTUDIOS.COM,0,tld,2
334.337.235.204,0,numeric,1
F3.MARKET.XIAOMI.COM,0,tld,1
JERMAINE.JUNCT.COM,0,tld,2
PMTQGHVTCOFG,0,dga,1
NRUHWLZCUMSXSE,0,dga,1
REDBUSSECONDARYDNS.PRRLOGISTICS.COM,0,tld,1
WAPHAO123.JOMODNS.COM,0,tld,1
YUEDU.163.COM,0,tld,1
SMXGINKXPKQC.HOME,0,frequent,1
KMDA18EA0LPZ,0,other,1
AJOWPLXS,0,dga,1
DZTZOSSG.PK5001Z,0,other,1
BCX9BT0G-1.PKITA.NEO,0,other,1
WOTMJDJK,0,dga,1
S2.PROD-DATATANKER-1.G7.Z,0,other,1
UCUYFQGSBHXTZ,0,dga,1
NS0.FUTURE-S.COM,0,tld,1
QUOTE.RBC.RU,0,tld,1
HIMFIQWYZQPNGOJ,0,dga,1
DNS2.ILLINOIS.EDU,0,tld,2
WPAD.FUJI.FSI.LOCAL,0,rfc6771,1
RTOJTYSRZBE,0,dga,1
B._DNS-SD._UDP.\176\204\223,0,binary,4
YLIYZLXYTYSNHFU,0,dga,1
OTSTBNOSNXYREQ.DHCP HOST,0,bad_syntax,1
GRNHSE-MARKETING-PROD.S3.AMAZONAWS.COM,0,tld,1
YPYIDMMBLLF,0,dga,1
GEBSTUNQZASUD.LOCALDOMAIN,0,frequent,1
WSVSIRVYYQ.HOME,0,frequent,1
PRD2.AZUREDNS-CLOUD.NET,0,tld,1
MSMLDNCGJJMFR,0,dga,1
OTCGYVQJOZ,0,dga,1
A0.INFO.AFILIAS-NST.INFO,0,tld,2
H.ROOT-SERVERS.NET,0,tld,7
WXYXLGFRMEDA,0,dga,1
WWW.HOTPORNSHOW.COMHTTP,0,frequent,1
AUHZJYSUA,0,dga,1
10.140.72.111,0,numeric,1
175.365.227.246,0,numeric,1
UKWZBHXKBQ,0,dga,1
YXVKKFCDPV,0,dga,1
OMGMTA.QQ.COM,0,tld,1
KASZXWHNNXGLSY,0,dga,1
53YL.COM,0,tld,1
UTGAYYQL,0,dga,1
XCELLAIR.COM,0,tld,1
VODRS1ST.VIDEO.OURDVS.COM,0,tld,1
IONUMBOIHY,0,dga,1
KXIANOMRPGHATO,0,dga,1
ATVVFUIHLQEMCY,0,dga,1
LUCDMAVZCGXQJO,0,dga,1
ANS3.HINET.TW,0,tld,1
LP_NAVI.WORKGROUP,0,frequent,1
VAPVMPLYRMB,0,dga,1
SRV-DOM01.DOM01.LOCAL.LOCAL,0,rfc6771,1
SEARCH.DOTCIME.COM.BELKIN,0,frequent,1
HOLA.ORG,0,tld,1
SBSRJKX,0,dga,1
NS1.NEVILLEHOBSON.EU,0,tld,1
NS1.TRANSMITTERSTUDIOS.COM,0,tld,2
CCEYFKZQIPT,0,dga,1
D1GE0KK1L5KMS0.CLOUDFRONT.NET,0,tld,1
106.34.101.55.IN-ADDR.ARPA,0,tld,1
IURXBWTMKQEFHK.HOME,0,frequent,1
GTPGXLDUIZL,0,dga,1
MEIMXFLSXWWUZ,0,dga,1
37W.XDWSCACHE.OURGLB0.COM,0,tld,1
FWFWIADU,0,dga,1
PHSEP1.SW-HEALTH.ORG,0,tld,1
HYUTVWMAYNFX,0,dga,1
BBS,0,other,1
BHORWMEVQHVJTKH.DHCP HOST,0,bad_syntax,1
MAIL.8745.1,0,numeric,1
KPEEYKBFCVVNAC,0,dga,1
WWW.ONEPTP.COM,0,tld,7
NS.EXECULINK.COM,0,tld,2
JLYQLQKO,0,dga,1
NS1.LAMEDELEGATION.NET,0,tld,1
DB._DNS-SD._UDP.\232\156\013\002\208\2314,0,binary,1
192.168.1.103,0,numeric,1
IONNYOKTANZENEC,0,dga,1
QUMAS.MAIL.QQ.COM.TENDAAP,0,dga,1
K\046J\046\039S AIR-MASTER._SMB._TCP.DNSD.ME,0,tld,1
UGVIPUT,0,dga,1
IMG1.TVMORE.COM.CN,0,tld,2
PQWQSJJDVG,0,dga,1
FELJBEP.HOME,0,frequent,1
MMXQIZPENZZZPDM,0,dga,1
BUILFOZDAGSX,0,dga,1
317.064.204.173,0,numeric,1
NPIYVPTSL,0,dga,1
133.37.101.55.IN-ADDR.ARPA,0,tld,1
NS.DULCESDIAS.COM,0,tld,2
NICHOLAILENOVO.PKITA.NEO,0,other,1
247.52.203.183.IN-ADDR.ARPA,0,tld,1
IMG1.FAWAN.COM.WSWEBCDN.COM,0,tld,1
YESTPEOFS.YES.LOCAL,0,rfc6771,1
NS1.E.FROSTBANK.COM,0,tld,1
ZUEFGFIYVNMX.GS-INC.LOCAL0\001,0,binary,1
TW.POOL.NTP.ORG,0,tld,1
WWW.DECATHLON.COM.CN,0,tld,1
262.330.177.243,0,numeric,1
EDADB-IRV-1.IRV,0,other,2
QSGZCMOXHXK,0,dga,1
DHVEWLPVZ,0,dga,1
J.GTLD-SERVERS.NET,0,tld,2
XXYVRCCRZGMDKDN,0,dga,1
VENARTS.COM,0,tld,1
TXJCDLQ.DHCP HOST,0,bad_syntax,1
ZMSCYIGYXQTDZ,0,dga,1
CLIENTS1.GOOGLE.COM,0,tld,3
SMTP.MEITIPU.COMQIUBAI,0,dga,1
CWSDWRDGGICGCNH,0,dga,1
PIKREGYRTTC,0,dga,2
BLFQZNMPSLFY.HOME,0,frequent,1
S2.EMPAZSQL001.G7.Z,0,other,1
NS3.HUPO.COM,0,tld,1
SCVSHBVA,0,dga,1
US1-API.UBS.COM,0,tld,1
MTAPAYMWRUWBGGB,0,dga,1
NTLWORLD.COM,0,tld,1
253.112.227.193.IN-ADDR.ARPA,0,tld,1
DQODTEV,0,dga,1
HUB5PR.SANDAI.NET,0,tld,2
PJVIKRAGXC,0,dga,1
WWW.FIFM.CN,0,tld,1
NGSXMCZHWJUJ.HOME,0,frequent,1
DNS11.OVH.NET,0,tld,1
_LDAP._TCP.DC._MSDCS.STONETAX.LOCAL,0,rfc6771,1
NS50.NBA.COM,0,tld,1
QUGQBHWQO,0,dga,1
USMKPAPEPO04.EXPERIANDMZ.LOCAL,0,rfc6771,1
DUAPP.N.SHIFEN.COM,0,tld,1
NS1.X3HOSTING.NET,0,tld,2
XNVOZZKYEM,0,dga,1
IBSGAARDEN.DK,0,tld,1
LILVFFDI,0,dga,1
GZFXTBVVQMV,0,dga,1
_LDAP._TCP.DC._MSDCS.ASIA.BYSTRONIC.METAL.FIRM,0,other,1
003.302.244.165,0,numeric,1
NS1.EJCSOLUTIONS.COM,0,tld,1
B.NS.I-TRAVELCLUB.ES,0,tld,1
APIS.ZHANQI.TV.WSGLB0.COM,0,tld,1
NS5.IQMETRIX.COM,0,tld,2
JPDGWYAWUNBIS,0,dga,1
NS3EXT.SCRANTON.EDU,0,tld,1
BREAK;,0,bad_syntax,1
10.276.41.92,0,numeric,1
JUMEI.XDWSCACHE.OURWEBCDN.COM,0,tld,2
_LDAP._TCP.SILVERWARE.LOCAL,0,rfc6771,1
DF1-NEXMARK-STREAMING-LOA-05222023-899A-HARNESS-CDR0,0,jumbo,1
137.189.98.213.IP4.NYUCD.NET,0,tld,1
BOOM-SLIDER-UPLOADED,0,jumbo,1
DMSRQSWEUZHRMR,0,dga,1
EYDNWBLAAM,0,dga,1
NS1.CHEROKEE.ORG,0,tld,1
2QPN1M.WWW.HK9FHN.S0GS.MCE8.HOST10320,0,other,1
QYLVIQSPJGIUD.HOME,0,frequent,1
S.APPJIAGU.COM.EDU.CN,0,tld,1
TVA1.SINAIMG.CN,0,tld,1
URQPGTEBZWO,0,dga,1
ZAFBKXYYGYEI,0,dga,1
BGCGOYZCMN,0,dga,1
S0-2MDN-NET.L.GOOGLE.COM,0,tld,3
XKTUPMJUYFXYA,0,dga,1
ORIGIN-CLIENTS.EMA.KPMG.COM,0,tld,1
EVMIJWE,0,dga,2
BABY.JOYRIDEDAY.COM,0,tld,1
IA9IGAA9C.V7U79GE7,0,other,1
NS2.IMRK.NET,0,tld,1
10.105.195.50\044 41.50.16.44,0,numeric,1
007.070.226.340,0,numeric,1
MUMAYFGN,0,dga,1
DB._DNS-SD._UDP.\2167\164,0,binary,1
DC.QIUMIBAO.COM,0,tld,1
PBGTKLJ,0,dga,1
UGUCPGVNNJYRAZF,0,dga,1
IHOJEUZJPXK,0,dga,1
HDODOYWKPKVFVM,0,dga,1
MKWMOJKA,0,dga,1
XYVQMRMYTMQIN,0,dga,1
PRNEEWZHWCBK,0,dga,1
B1DB391F,0,other,1
A4EE32D3026006225F1FA5FAA5CBE8596.PROFILE.AMS1.CLOUDFRONT.NET,0,tld,1
GPIUCAYDGFSCZ,0,dga,1
CCUJBWISODHJD.DISKLESSDOMAIN,0,dga,1
OYEJOTZQTYOC,0,dga,1
MEXTQUUUJLMLJE,0,dga,1
LV3NS3.FFDNS.NET,0,tld,1
JESDPLFZFIGYVXO,0,dga,1
133.246.256.063,0,numeric,1
_LDAP._TCP.DEFAULT-FIRST-SITE-NAME._SITES.FORESTDNSZONES.DANKDUBE.LOCAL,0,rfc6771,1
LZJYADPY,0,dga,1
MRDBVRODILYGS.HOME,0,frequent,1
FIIFYUDPAXV,0,dga,2
STEX-ZB5NGC3.CDS.INF.NEO,0,other,1
WEQMUHTDFKPTHZT,0,dga,1
WEB-PROD.JIMDO-PLATFORM.NET,0,tld,1
TERMINATED-DOMAIN1.LOVEREAD.WS,0,tld,1
DNS1.ALLEGRO.PL,0,tld,1
DW_SBOOK.INF.NEO,0,other,1
VPSUGBSQVSMR,0,dga,1
ATUMPFXWZDKV,0,dga,1
NS2.NEWSMAX.COM,0,tld,2
SSR.MENGNIU.COM.CN,0,tld,1
GGWPMZKO,0,dga,1
GFVWKHDY,0,dga,1
LIQOAUURKMWAV,0,dga,1
JUMGALNF,0,dga,1
2005559758.LOCALHOST,0,rfc6771,1
DNS1.UDEL.EDU,0,tld,2
LIC-IRVA-000-ORIG,0,jumbo,1
SFQKHTLQP,0,dga,1
SCBY1.BEFEN.NET,0,tld,1
AAYSZOLNJXOOCAJ,0,dga,1
YFLREBVRTVEFTTK,0,dga,1
YIIRMLAWBNKLAD.PSSI.LOCAL,0,rfc6771,1
TSJL.CN,0,tld,1
WWW.MSN.COM,0,tld,1
VGGWANXDLKXLH,0,dga,1
NS1.CDN.RUN,0,tld,1
WKHEBWOJSBS.RGA.IP,0,other,1
_LDAP._TCP.\227\134\136,0,binary,1
HXYUNBVP,0,dga,1
S2.MMEDSQL.G10.Z,0,other,1
S1.SYMCB.COM,0,tld,1
NS1.DNSFOR12.COM,0,tld,1
WWW.VIDICS.CH,0,tld,1
YDXFPXGNXKSUDK,0,dga,1
ODVHCFD,0,dga,1
GRUPOGARZE.COM,0,tld,1
SPHSCIIMM.MEXBO.BNS,0,other,1
AZRBKCV,0,dga,1
RHQBQLH,0,dga,1
NETWORK,0,tld,1
DTHHOGJK,0,dga,1
202.89.216.171.DNSBL.SORBS.NET\032,0,bad_syntax,1
UMJBXNSNKP,0,dga,1
IMGC3.IM30APP.COM.GLOBAL.OGSLB.COM,0,tld,1
S1.2MDN.NET,0,tld,1
PSMWENFMDMUD,0,dga,1
SBDSKFNMLKLSOOV,0,dga,1
ZYSTB9XYFNYSD.126.300.320.333,0,numeric,1
GLB4.GLBDNS2.MICROSOFT.COM,0,tld,2
S3-1.AMAZONAWS.COM,0,tld,1
MZPXGYVTQ,0,dga,1
1455089218.LOCALHOST,0,rfc6771,1
RQUWQNHMVHJ,0,dga,1
IMG0.HUITU.CCGSLB.COM.CN,0,tld,1
MEDIA.YESKY.COM.WSWEBPIC.COM,0,tld,1
GHEUNHS,0,dga,1
335.043.305.340,0,numeric,1
DBKOTNB,0,dga,1
QFHVQNFQYCLEM,0,dga,1
DELIVERY.FBI.GOV,0,tld,1
VECTOR0.MAP.BDIMG.COM808080808080808080808080,0,jumbo,1
NWJJGSJLANCGCRL.HOME,0,frequent,1
WAA-TEST-KR.SAMSUNG-SVOICE.COM,0,tld,1
INRCKSM,0,dga,1
UPLOAD.IM.OSS.MUCANG.CN,0,tld,1
GIFSHOW03.PULL.PIC.8686C.COM,0,tld,1
INEWS.GTIMG.COM,0,tld,1
FICIXYUNZF.HOME,0,frequent,1
TESLA.COM,0,tld,1
ESRHTJVENQR,0,dga,1
CPILNLSPOOZ,0,dga,1
PINGMA.QQ.COM,0,tld,2
NS-OS1.QQ.COM,0,tld,2
DR._DNS-SD._UDP.\1445\163,0,binary,1
NDA-HCLIN-NS01,0,other,1
POSTLOG.CUI9.COM,0,tld,2
SCSS-PROD-AN1-NOTIF-2.ADOBESC.COM,0,tld,1
SECURE.LOGMEIN.COM,0,tld,1
MJJGGRUH,0,dga,1
NS3.QOSS.COM,0,tld,1
HOST-DELAY.LOGMEIN-GATEWAY.COM,0,tld,1
I1-AN-3-0-1-19876-1916763160-I.INIT.CEDEXIS-RADAR.NET.RGA.IP,0,other,1
101.90.254.10.IN-ADDR.ARPA,0,tld,1
MMKDYFMKBEK,0,dga,1
GDNYKLWTZ,0,dga,1
AVQCGWEEXH,0,dga,1
10.200.13.-64976415,0,numeric,1
_LDAP._TCP.AVON._SITES.DC._MSDCS.HSR.OFFICE,0,tld,1
TMUXXYXCPDJ,0,dga,1
XZICGFMWUXETTNY.VERONAPHARMA.LOCAL,0,rfc6771,1
NS12.COMSCORE.EU,0,tld,1
VXMZRJL,0,dga,1
143.266.204.304,0,numeric,1
ORG.AR,0,tld,1
DSXOJQNBDJS,0,dga,1
A-0.19-A70F4011.C170081.1644.1C44.410A.400.9D.96V31LRKUQZWADE1PCFF2PW2CJ.AVQS.MCAFEE.COM,0,tld,1
XPTXUMGC,0,dga,1
VYZSUGWEYG,0,dga,1
NATUVZSAZD,0,dga,1
WIN8.IPV6.MICROSOFT.COM,0,tld,2
GAMELOFT.COM,0,tld,1
360GTM.COM,0,tld,1
NS1.NUCLEARFALLOUT.NET,0,tld,2
WWW.GOOGLE.COM,0,tld,20
AV3.NSTLD.COM,0,tld,8
KERBEROS.EROGASMET.LAC,0,other,1
HANIHUUKCJDX,0,dga,1
WWW.TWITTER.COM,0,tld,1
PCA03B1D45-E871.PKITA.NEO,0,other,1
QKULYEXE,0,dga,1
LOPPHDUDVQOOG,0,dga,1
TZUQVRWCOKD,0,dga,1
026.326.033.053,0,numeric,1
KCGXUJOSBT,0,dga,1
XFAZSNTZOOVXPG.DHCP HOST,0,bad_syntax,1
F1.FKU168.COM.NETGEARNANJING.LOCAL,0,rfc6771,1
ULTRADNS.BIZ,0,tld,1
X.AU,0,tld,1
_LDAP._TCP.DEFAULT-FIRST-SITE-NAME._SITES.WEBERANDCO.LOCAL,0,rfc6771,1
PDNS196.ULTRADNS.ORG,0,tld,3
RMOBKBKZMETHT,0,dga,1
ETEHCPCPFHQRQG.DOMAIN,0,frequent,1
OVROMSLREXR,0,dga,1
WATGGKWBS,0,dga,1
HELIOS.RBI.INFORMATIK.UNI-FRANKFURT.DE,0,tld,1
E.DNS.CN,0,tld,2
CCPNIBQCZJFJD,0,dga,1
CETFXSWOKIDECIC,0,dga,1
UIMQWAMYDUE,0,dga,1
WWW.MWXWC.CN.LOCALDOMAIN,0,frequent,1
CC00047.H.TEL.CCGSLB.COM.CN,0,tld,1
ARRMVSGN,0,dga,1
VPWGAIMN,0,dga,1
G.ROOT-SERVERS.NET,0,tld,6
NXPLEKES,0,dga,1
MKLMQZEDOFS,0,dga,1
JAVLABPSZEWUGL,0,dga,1
WWW.GOOGLE-ANALYTICS.COM,0,tld,1
212.100.112.125.IN-ADDR.ARPA,0,tld,1
VANILLAFORUMS.COM,0,tld,1
YK7AYXOBGVI8L.WEATHER.KSMOBILE.NET.\032,0,bad_syntax,1
IVWBVQGBI,0,dga,1
DNS4.NIC.UK,0,tld,1
EJTJKGHHAPQ.RGA.IP,0,other,1
GUZZONI.APPLE.COM,0,tld,1
VHLEYGQFXCXWG,0,dga,1
IMAGES.API-PRODUCT.SKIMLINKS.COM.S3.AMAZONAWS.COM,0,tld,1
FFPSHMKUAXS,0,dga,1
ISATAP.STEINBELSNES,0,dga,1
INFOPARAMI.COM,0,tld,1
364.004.245.045,0,numeric,1
YZEOBZDHLPUYQW,0,dga,1
218.88.136.202.IN-ADDR.ARPA,0,tld,2
DNS2.P04.NSONE.NET,0,tld,1
MS.CMCM.COM,0,tld,1
ZDOMAJRVYA,0,dga,1
NS3.CONTINENT8.NET,0,tld,1
MPOXLZZBIRJJFB,0,dga,1
OJZOLUV,0,dga,1
BIZ,0,tld,1
KNZJSHNK,0,dga,1
123.138.89.2\044 10.26.62.31\044 112.34.110.149,0,numeric,1
DNSSM.SAMSUNG.COM,0,tld,1
HMZNRRCPNHEPKB,0,dga,1
SZLONG.WEIXIN.QQ.COM,0,tld,1
123.324.355.251,0,numeric,1
ZONEDIRECTOR,0,dga,1
CXEBLUDBLD-VM24.PKITA.NEO,0,other,1
QQQJ1495509878101.TRACE.TERM.CHINACACHE.COM,0,tld,1
014.356.236.051,0,numeric,1
0.UBUNTU.POOL.NTP.ORG,0,tld,1
JWKMGSUT,0,dga,1
ITRE-ZARRIF-L.DMZ.EXT,0,other,1
_LDAP._TCP.DEFAULT-FIRST-SITE-NAME._SITES.DC._MSDCS.FEELEYLAW,0,dga,1
SHORT.WEIXIN.QQ.COM,0,tld,2
ETYZOHD.DHCP HOST,0,bad_syntax,1
WWW.BOOK265.CN,0,tld,1
AXHAKFTIJOGZZG,0,dga,1
ALL.RELIEVAL.COM,0,tld,1
PGMBDLNFARZU.DSLDEVICE.LAN,0,frequent,1
XQPYCTHAFOMN.CHANGHONGAP,0,dga,1
FNF_ASPIRE_V13.PKITA.INF.NEO,0,other,1
A7ABE7DC-DF5D-4121-A70D-0F313F3645F1._MSDCS.GNJR.LOCAL,0,rfc6771,1
CUICKKEOCPEG,0,dga,1
A24-66.AKAM.NET,0,tld,1
WDC01.SBC.LAYERED.NET,0,tld,6
B._DNS-SD._UDP.8\173\193\002X\222\191\002\192\168\002\004,0,binary,1
UOPRLMVWYJTGKV,0,dga,1
MOBILELOG.UPQZFILE.COM,0,tld,1
MACRUMORS.COM,0,tld,1
ZGJSJXLKX,0,dga,1
R._DNS-SD._UDP.(V\159,0,binary,1
PDNS196.ULTRADNS.COM,0,tld,2
UOTNZESDV,0,dga,1
DEVICE-MESSAGING-NA.AMAZON.COM.BELKIN,0,frequent,1
VJSBGHQLTMQWOG,0,dga,2
WWW.FENG.COM,0,tld,1
MCTQIILUMVFLBQGNX.US.NASHR,0,other,1
ORIGIN.SINCLAIRSTORYLINE.COM,0,tld,1
WPAD.SSI-GROUP.LOCAL,0,rfc6771,1
JLKBWTPVSGKEXM,0,dga,1
NS-TEL1.QQ.COM,0,tld,1
RMFKHESSKI,0,dga,1
MGQRVIBAUPNAZN,0,dga,1
VGXIXZXKIOOSN,0,dga,1
DR._DNS-SD._UDP.\131,0,binary,10
IP-10-11-88-17.US-WEST-2.COMPUTE.INTERNAL,0,frequent,1
LOVELY.LOCAL,0,rfc6771,1
TWITTWER.LCOM,0,other,1
ALWFBRUTBSTZMLA,0,dga,1
I.GTLD-SERVERS.NET,0,tld,4
JRHFSSTOX.KAR-TEL.LOCAL,0,rfc6771,1
TIICCOYDATBXOWC,0,dga,1
43.41.101.55.IN-ADDR.ARPA,0,tld,2
TZHQVWTEL,0,dga,1
WMUIQEHYFRF.HOME,0,frequent,1
UJQRRFSIDHY.RGA.IP,0,other,1
1.POOL.NTP.ORG.(NONE),0,bad_syntax,1
LIACXWKOSABG,0,dga,2
ZSKIXQBBVAW.HOME,0,frequent,1
XSFCPMBVWJUNZLR,0,dga,1
1STCNCLOUD.XDWSCACHE.OURWEBPIC.COM,0,tld,1
WWW.GOOGLE.SH,0,tld,1
207.304.210.301,0,numeric,1
NS5.USCG.MIL,0,tld,1
VMGZMNVM,0,dga,1
JIFALJWMQIXBYU,0,dga,1
MEMBER.G-EMALL.COM.MSCHCDN.COM,0,tld,1
87900.XIONGQUAN.CC-658,0,other,1
URSCTTMPF,0,dga,1
TRACKER.T411.AL,0,tld,1
312.103.065.103,0,numeric,1
STOCKHOLM,0,tld,1
161.47.90.78.LIST.DSBL.ORG,0,tld,1
PVKLHAAIARHRNS,0,dga,1
GMAIL.COMPOUPOUSSE,0,dga,1
VKVCESTHIQ,0,dga,1
REYMIRVEOARUK,0,dga,1
LDOVQPDLISYZS,0,dga,1
NS1.LEASEWEB.NL,0,tld,1
FILE.YOULAI.CN,0,tld,1
OKSNKGKKMB,0,dga,1
S2.LOOM-SERVER-NAOMI-IBM.D4.Z,0,other,1
LQPGFNEXBFTBKCZ,0,dga,3
194.270.100.7,0,numeric,1
198-123-174-206.GCI.NET.LOCALDOMAIN,0,frequent,1
\128S$\184 \168\129\182D,0,binary,2
DNS-06.NS.AOL.COM,0,tld,1
PENSIOENNAVIGATOR.NL,0,tld,1
JSDYTOHU.DHCP HOST,0,bad_syntax,2
WWW.GW-EC.COM.WSCLOUDSEC.COM,0,tld,1
UK.SHOPPING.COM.HOME,0,frequent,1
CJAQGJMLHCWSLE,0,dga,1
BDBCHIWVMYFXVHS,0,dga,1
NS1.KIADI-GASKET.COM,0,tld,1
WJDISHVCCYPCNC.DHCP HOST,0,bad_syntax,2
S3-WEBSITE-US-EAST-1.AMAZONAWS.COM,0,tld,8
